NC_038294.1	RefSeq	5'UTR	1,277	.	.	.	.
NC_038294.1	RefSeq	gene	278,21513	ORF1ab	.	.	.
NC_038294.1	RefSeq	CDS	278,13431;13431,21513	ORF1ab	ORF1ab polyprotein	YP_007188577.3	MSFVAGVTAQGARGTYRAALNSEKHQDHVSLTVPLCGSGNLVEKLSPWFMDGENAYEVVKAMLLKKEPLLYVPIRLAGHTRHLPGPRVYLVERLIACENPFMVNQLAYSSSANGSLVGTTLQGKPIGMFFPYDIELVTGKQNILLRKYGRGGYHYTPFHYERDNTSCPEWMDDFEADPKGKYAQNLLKKLIGGDVTPVDQYMCGVDGKPISAYAFLMAKDGITKLADVEADVAARADDEGFITLKNNLYRLVWHVERKDVPYPKQSIFTINSVVQKDGVENTPPHYFTLGCKILTLTPRNKWSGVSDLSLKQKLLYTFYGKESLENPTYIYHSAFIECGSCGNDSWLTGNAIQGFACGCGASYTANDVEVQSSGMIKPNALLCATCPFAKGDSCSSNCKHSVAQLVSYLSERCNVIADSKSFTLIFGGVAYAYFGCEEGTMYFVPRAKSVVSRIGDSIFTGCTGSWNKVTQIANMFLEQTQHSLNFVGEFVVNDVVLAILSGTTTNVDKIRQLLKGVTLDKLRDYLADYDVAVTAGPFMDNAINVGGTGLQYAAITAPYVVLTGLGESFKKVATIPYKVCNSVKDTLTYYAHSVLYRVFPYDMDSGVSSFSELLFDCVDLSVASTYFLVRLLQDKTGDFMSTIITSCQTAVSKLLDTCFEATEATFNFLLDLAGLFRIFLRNAYVYTSQGFVVVNGKVSTLVKQVLDLLNKGMQLLHTKVSWAGSNISAVIYSGRESLIFPSGTYYCVTTKAKSVQQDLDVILPGEFSKKQLGLLQPTDNSTTVSVTVSSNMVETVVGQLEQTNMHSPDVIVGDYVIISEKLFVRSKEEDGFAFYPACTNGHAVPTLFRLKGGAPVKKVAFGGDQVHEVAAVRSVTVEYNIHAVLDTLLASSSLRTFVVDKSLSIEEFADVVKEQVSDLLVKLLRGMPIPDFDLDDFIDAPCYCFNAEGDASWSSTMIFSLHPVECDEECSEVEASDLEEGESECISETSTEQVDVSHEISDDEWAAAVDEAFPLDEAEDVTESVQEEAQPVEVPVEDIAQVVIADTLQETPVVSDTVEVPPQVVKLPSEPQTIQPEVKEVAPVYEADTEQTQSVTVKPKRLRKKRNVDPLSNFEHKVITECVTIVLGDAIQVAKCYGESVLVNAANTHLKHGGGIAGAINAASKGAVQKESDEYILAKGPLQVGDSVLLQGHSLAKNILHVVGPDARAKQDVSLLSKCYKAMNAYPLVVTPLVSAGIFGVKPAVSFDYLIREAKTRVLVVVNSQDVYKSLTIVDIPQSLTFSYDGLRGAIRKAKDYGFTVFVCTDNSANTKVLRNKGVDYTKKFLTVDGVQYYCYTSKDTLDDILQQANKSVGIISMPLGYVSHGLDLIQAGSVVRRVNVPYVCLLANKEQEAILMSEDVKLNPSEDFIKHVRTNGGYNSWHLVEGELLVQDLRLNKLLHWSDQTICYKDSVFYVVKNSTAFPFETLSACRAYLDSRTTQQLTIEVLVTVDGVNFRTVVLNNKNTYRSQLGCVFFNGADISDTIPDEKQNGHSLYLADNLTADETKALKELYGPVDPTFLHRFYSLKAAVHKWKMVVCDKVRSLKLSDNNCYLNAVIMTLDLLKDIKFVIPALQHAFMKHKGGDSTDFIALIMAYGNCTFGAPDDASRLLHTVLAKAELCCSARMVWREWCNVCGIKDVVLQGLKACCYVGVQTVEDLRARMTYVCQCGGERHRQIVEHTTPWLLLSGTPNEKLVTTSTAPDFVAFNVFQGIETAVGHYVHARLKGGLILKFDSGTVSKTSDWKCKVTDVLFPGQKYSSDCNVVRYSLDGNFRTEVDPDLSAFYVKDGKYFTSEPPVTYSPATILAGSVYTNSCLVSSDGQPGGDAISLSFNNLLGFDSSKPVTKKYTYSFLPKEDGDVLLAEFDTYDPIYKNGAMYKGKPILWVNKASYDTNLNKFNRASLRQIFDVAPIELENKFTPLSVESTPVEPPTVDVVALQQEMTIVKCKGLNKPFVKDNVSFVADDSGTPVVEYLSKEDLHTLYVDPKYQVIVLKDNVLSSMLRLHTVESGDINVVAASGSLTRKVKLLFRASFYFKEFATRTFTATTAVGSCIKSVVRHLGVTKGILTGCFSFVKMLFMLPLAYFSDSKLGTTEVKVSALKTAGVVTGNVVKQCCTAAVDLSMDKLRRVDWKSTLRLLLMLCTTMVLLSSVYHLYVFNQVLSSDVMFEDAQGLKKFYKEVRAYLGISSACDGLASAYRANSFDVPTFCANRSAMCNWCLISQDSITHYPALKMVQTHLSHYVLNIDWLWFAFETGLAYMLYTSAFNWLLLAGTLHYFFAQTSIFVDWRSYNYAVSSAFWLFTHIPMAGLVRMYNLLACLWLLRKFYQHVINGCKDTACLLCYKRNRLTRVEASTVVCGGKRTFYITANGGISFCRRHNWNCVDCDTAGVGNTFICEEVANDLTTALRRPINATDRSHYYVDSVTVKETVVQFNYRRDGQPFYERFPLCAFTNLDKLKFKEVCKTTTGIPEYNFIIYDSSDRGQESLARSACVYYSQVLCKSILLVDSSLVTSVGDSSEIATKMFDSFVNSFVSLYNVTRDKLEKLISTARDGVRRGDNFHSVLTTFIDAARGPAGVESDVETNEIVDSVQYAHKHDIQITNESYNNYVPSYVKPDSVSTSDLGSLIDCNAASVNQIVLRNSNGACIWNAAAYMKLSDALKRQIRIACRKCNLAFRLTTSKLRANDNILSVRFTANKIVGGAPTWFNALRDFTLKGYVLATIIVFLCAVLMYLCLPTFSMVPVEFYEDRILDFKVLDNGIIRDVNPDDKCFANKHRSFTQWYHEHVGGVYDNSITCPLTVAVIAGVAGARIPDVPTTLAWVNNQIIFFVSRVFANTGSVCYTPIDEIPYKSFSDSGCILPSECTMFRDAEGRMTPYCHDPTVLPGAFAYSQMRPHVRYDLYDGNMFIKFPEVVFESTLRITRTLSTQYCRFGSCEYAQEGVCITTNGSWAIFNDHHLNRPGVYCGSDFIDIVRRLAVSLFQPITYFQLTTSLVLGIGLCAFLTLLFYYINKVKRAFADYTQCAVIAVVAAVLNSLCICFVASIPLCIVPYTALYYYATFYFTNEPAFIMHVSWYIMFGPIVPIWMTCVYTVAMCFRHFFWVLAYFSKKHVEVFTDGKLNCSFQDAASNIFVINKDTYAALRNSLTNDAYSRFLGLFNKYKYFSGAMETAAYREAAACHLAKALQTYSETGSDLLYQPPNCSITSGVLQSGLVKMSHPSGDVEACMVQVTCGSMTLNGLWLDNTVWCPRHVMCPADQLSDPNYDALLISMTNHSFSVQKHIGAPANLRVVGHAMQGTLLKLTVDVANPSTPAYTFTTVKPGAAFSVLACYNGRPTGTFTVVMRPNYTIKGSFLCGSCGSVGYTKEGSVINFCYMHQMELANGTHTGSAFDGTMYGAFMDKQVHQVQLTDKYCSVNVVAWLYAAILNGCAWFVKPNRTSVVSFNEWALANQFTEFVGTQSVDMLAVKTGVAIEQLLYAIQQLYTGFQGKQILGSTMLEDEFTPEDVNMQIMGVVMQSGVRKVTYGTAHWLFATLVSTYVIILQATKFTLWNYLFETIPTQLFPLLFVTMAFVMLLVKHKHTFLTLFLLPVAICLTYANIVYEPTTPISSALIAVANWLAPTNAYMRTTHTDIGVYISMSLVLVIVVKRLYNPSLSNFALALCSGVMWLYTYSIGEASSPIAYLVFVTTLTSDYTITVFVTVNLAKVCTYAIFAYSPQLTLVFPEVKMILLLYTCLGFMCTCYFGVFSLLNLKLRAPMGVYDFKVSTQEFRFMTANNLTAPRNSWEAMALNFKLIGIGGTPCIKVAAMQSKLTDLKCTSVVLLSVLQQLHLEANSRAWAFCVKCHNDILAATDPSEAFEKFVSLFATLMTFSGNVDLDALASDIFDTPSVLQATLSEFSHLATFAELEAAQKAYQEAMDSGDTSPQVLKALQKAVNIAKNAYEKDKAVARKLERMADQAMTSMYKQARAEDKKAKIVSAMQTMLFGMIKKLDNDVLNGIISNARNGCIPLSVIPLCASNKLRVVIPDFTVWNQVVTYPSLNYAGALWDITVINNVDNEIVKSSDVVDSNENLTWPLVLECTRASTSAVKLQNNEIKPSGLKTMVVSAGQEQTNCNTSSLAYYEPVQGRKMLMALLSDNAYLKWARVEGKDGFVSVELQPPCKFLIAGPKGPEIRYLYFVKNLNNLHRGQVLGHIAATVRLQAGSNTEFASNSSVLSLVNFTVDPQKAYLDFVNAGGAPLTNCVKMLTPKTGTGIAISVKPESTADQETYGGASVCLYCRAHIEHPDVSGVCKYKGKFVQIPAQCVRDPVGFCLSNTPCNVCQYWIGYGCNCDSLRQAALPQSKDSNFLKRVRGSIVNARIEPCSSGLSTDVVFRAFDICNYKAKVAGIGKYYKTNTCRFVELDDQGHHLDSYFVVKRHTMENYELEKHCYDLLRDCDAVAPHDFFIFDVDKVKTPHIVRQRLTEYTMMDLVYALRHFDQNSEVLKAILVKYGCCDVTYFENKLWFDFVENPSVIGVYHKLGERVRQAILNTVKFCDHMVKAGLVGVLTLDNQDLNGKWYDFGDFVITQPGSGVAIVDSYYSYLMPVLSMTDCLAAETHRDCDFNKPLIEWPLTEYDFTDYKVQLFEKYFKYWDQTYHANCVNCTDDRCVLHCANFNVLFAMTMPKTCFGPIVRKIFVDGVPFVVSCGYHYKELGLVMNMDVSLHRHRLSLKELMMYAADPAMHIASSNAFLDLRTSCFSVAALTTGLTFQTVRPGNFNQDFYDFVVSKGFFKEGSSVTLKHFFFAQDGNAAITDYNYYSYNLPTMCDIKQMLFCMEVVNKYFEIYDGGCLNASEVVVNNLDKSAGHPFNKFGKARVYYESMSYQEQDELFAMTKRNVIPTMTQMNLKYAISAKNRARTVAGVSILSTMTNRQYHQKMLKSMAATRGATCVIGTTKFYGGWDFMLKTLYKDVDNPHLMGWDYPKCDRAMPNMCRIFASLILARKHGTCCTTRDRFYRLANECAQVLSEYVLCGGGYYVKPGGTSSGDATTAYANSVFNILQATTANVSALMGANGNKIVDKEVKDMQFDLYVNVYRSTSPDPKFVDKYYAFLNKHFSMMILSDDGVVCYNSDYAAKGYIAGIQNFKETLYYQNNVFMSEAKCWVETDLKKGPHEFCSQHTLYIKDGDDGYFLPYPDPSRILSAGCFVDDIVKTDGTLMVERFVSLAIDAYPLTKHEDIEYQNVFWVYLQYIEKLYKDLTGHMLDSYSVMLCGDNSAKFWEEAFYRDLYSSPTTLQAVGSCVVCHSQTSLRCGTCIRRPFLCCKCCYDHVIATPHKMVLSVSPYVCNAPGCGVSDVTKLYLGGMSYFCVDHRPVCSFPLCANGLVFGLYKNMCTGSPSIVEFNRLATCDWTESGDYTLANTTTEPLKLFAAETLRATEEASKQSYAIATIKEIVGERQLLLVWEAGKSKPPLNRNYVFTGYHITKNSKVQLGEYIFERIDYSDAVSYKSSTTYKLTVGDIFVLTSHSVATLTAPTIVNQERYVKITGLYPTITVPEEFASHVANFQKSGYSKYVTVQGPPGTGKSHFAIGLAIYYPTARVVYTACSHAAVDALCEKAFKYLNIAKCSRIIPAKARVECYDRFKVNETNSQYLFSTINALPETSADILVVDEVSMCTNYDLSIINARIKAKHIVYVGDPAQLPAPRTLLTRGTLEPENFNSVTRLMCNLGPDIFLSMCYRCPKEIVSTVSALVYNNKLLAKKELSGQCFKILYKGNVTHDASSAINRPQLTFVKNFITANPAWSKAVFISPYNSQNAVARSMLGLTTQTVDSSQGSEYQYVIFCQTADTAHANNINRFNVAITRAQKGILCVMTSQALFESLEFTELSFTNYKLQSQIVTGLFKDCSRETSGLSPAYAPTYVSVDDKYKTSDELCVNLNLPANVPYSRVISRMGFKLDATVPGYPKLFITREEAVRQVRSWIGFDVEGAHASRNACGTNVPLQLGFSTGVNFVVQPVGVVDTEWGNMLTGIAARPPPGEQFKHLVPLMHKGAAWPIVRRRIVQMLSDTLDKLSDYCTFVCWAHGFELTSASYFCKIGKEQKCCMCNRRAAAYSSPLQSYACWTHSCGYDYVYNPFFVDVQQWGYVGNLATNHDRYCSVHQGAHVASNDAIMTRCLAIHSCFIERVDWDIEYPYISHEKKLNSCCRIVERNVVRAALLAGSFDKVYDIGNPKGIPIVDDPVVDWHYFDAQPLTRKVQQLFYTEDMASRFADGLCLFWNCNVPKYPNNAIVCRFDTRVHSEFNLPGCDGGSLYVNKHAFHTPAYDVSAFRDLKPLPFFYYSTTPCEVHGNGSMIEDIDYVPLKSAVCITACNLGGAVCRKHATEYREYMEAYNLVSASGFRLWCYKTFDIYNLWSTFTKVQGLENIAFNFVKQGHFIGVEGELPVAVVNDKIFTKSGVNDICMFENKTTLPTNIAFELYAKRAVRSHPDFKLLHNLQADICYKFVLWDYERSNIYGTATIGVCKYTDIDVNSALNICFDIRDNGSLEKFMSTPNAIFISDRKIKKYPCMVGPDYAYFNGAIIRDSDVVKQPVKFYLYKKVNNEFIDPTECIYTQSRSCSDFLPLSDMEKDFLSFDSDVFIKKYGLENYAFEHVVYGDFSHTTLGGLHLLIGLYKKQQEGHIIMEEMLKGSSTIHNYFITETNTAAFKAVCSVIDLKLDDFVMILKSQDLGVVSKVVKVPIDLTMIEFMLWCKDGQVQTFYPRLQASADWKPGHAMPSLFKVQNVNLERCELANYKQSIPMPRGVHMNIAKYMQLCQYLNTCTLAVPANMRVIHFGAGSDKGIAPGTSVLRQWLPTDAIIIDNDLNEFVSDADITLFGDCVTVRVGQQVDLVISDMYDPTTKNVTGSNESKALFFTYLCNLINNNLALGGSVAIKITEHSWSVELYELMGKFAWWTVFCTNANASSSEGFLLGINYLGTIKENIDGGAMHANYIFWRNSTPMNLSTYSLFDLSKFQLKLKGTPVLQLKESQINELVISLLSQGKLLIRDNDTLSVSTDVLVNTYRKLR
NC_038294.1	RefSeq	mature_protein_region	13409,13431;13431,16206	ORF1ab	RNA-dependent RNA polymerase	YP_009944302.1	SKDSNFLKRVRGSIVNARIEPCSSGLSTDVVFRAFDICNYKAKVAGIGKYYKTNTCRFVELDDQGHHLDSYFVVKRHTMENYELEKHCYDLLRDCDAVAPHDFFIFDVDKVKTPHIVRQRLTEYTMMDLVYALRHFDQNSEVLKAILVKYGCCDVTYFENKLWFDFVENPSVIGVYHKLGERVRQAILNTVKFCDHMVKAGLVGVLTLDNQDLNGKWYDFGDFVITQPGSGVAIVDSYYSYLMPVLSMTDCLAAETHRDCDFNKPLIEWPLTEYDFTDYKVQLFEKYFKYWDQTYHANCVNCTDDRCVLHCANFNVLFAMTMPKTCFGPIVRKIFVDGVPFVVSCGYHYKELGLVMNMDVSLHRHRLSLKELMMYAADPAMHIASSNAFLDLRTSCFSVAALTTGLTFQTVRPGNFNQDFYDFVVSKGFFKEGSSVTLKHFFFAQDGNAAITDYNYYSYNLPTMCDIKQMLFCMEVVNKYFEIYDGGCLNASEVVVNNLDKSAGHPFNKFGKARVYYESMSYQEQDELFAMTKRNVIPTMTQMNLKYAISAKNRARTVAGVSILSTMTNRQYHQKMLKSMAATRGATCVIGTTKFYGGWDFMLKTLYKDVDNPHLMGWDYPKCDRAMPNMCRIFASLILARKHGTCCTTRDRFYRLANECAQVLSEYVLCGGGYYVKPGGTSSGDATTAYANSVFNILQATTANVSALMGANGNKIVDKEVKDMQFDLYVNVYRSTSPDPKFVDKYYAFLNKHFSMMILSDDGVVCYNSDYAAKGYIAGIQNFKETLYYQNNVFMSEAKCWVETDLKKGPHEFCSQHTLYIKDGDDGYFLPYPDPSRILSAGCFVDDIVKTDGTLMVERFVSLAIDAYPLTKHEDIEYQNVFWVYLQYIEKLYKDLTGHMLDSYSVMLCGDNSAKFWEEAFYRDLYSSPTTLQ
NC_038294.1	RefSeq	mature_protein_region	16207,18000	ORF1ab	Hel	YP_009944303.1	AVGSCVVCHSQTSLRCGTCIRRPFLCCKCCYDHVIATPHKMVLSVSPYVCNAPGCGVSDVTKLYLGGMSYFCVDHRPVCSFPLCANGLVFGLYKNMCTGSPSIVEFNRLATCDWTESGDYTLANTTTEPLKLFAAETLRATEEASKQSYAIATIKEIVGERQLLLVWEAGKSKPPLNRNYVFTGYHITKNSKVQLGEYIFERIDYSDAVSYKSSTTYKLTVGDIFVLTSHSVATLTAPTIVNQERYVKITGLYPTITVPEEFASHVANFQKSGYSKYVTVQGPPGTGKSHFAIGLAIYYPTARVVYTACSHAAVDALCEKAFKYLNIAKCSRIIPAKARVECYDRFKVNETNSQYLFSTINALPETSADILVVDEVSMCTNYDLSIINARIKAKHIVYVGDPAQLPAPRTLLTRGTLEPENFNSVTRLMCNLGPDIFLSMCYRCPKEIVSTVSALVYNNKLLAKKELSGQCFKILYKGNVTHDASSAINRPQLTFVKNFITANPAWSKAVFISPYNSQNAVARSMLGLTTQTVDSSQGSEYQYVIFCQTADTAHANNINRFNVAITRAQKGILCVMTSQALFESLEFTELSFTNYKLQ
NC_038294.1	RefSeq	mature_protein_region	18001,19572	ORF1ab	3' to 5' exonuclease, N7-methyltransferase	YP_009944304.1	SQIVTGLFKDCSRETSGLSPAYAPTYVSVDDKYKTSDELCVNLNLPANVPYSRVISRMGFKLDATVPGYPKLFITREEAVRQVRSWIGFDVEGAHASRNACGTNVPLQLGFSTGVNFVVQPVGVVDTEWGNMLTGIAARPPPGEQFKHLVPLMHKGAAWPIVRRRIVQMLSDTLDKLSDYCTFVCWAHGFELTSASYFCKIGKEQKCCMCNRRAAAYSSPLQSYACWTHSCGYDYVYNPFFVDVQQWGYVGNLATNHDRYCSVHQGAHVASNDAIMTRCLAIHSCFIERVDWDIEYPYISHEKKLNSCCRIVERNVVRAALLAGSFDKVYDIGNPKGIPIVDDPVVDWHYFDAQPLTRKVQQLFYTEDMASRFADGLCLFWNCNVPKYPNNAIVCRFDTRVHSEFNLPGCDGGSLYVNKHAFHTPAYDVSAFRDLKPLPFFYYSTTPCEVHGNGSMIEDIDYVPLKSAVCITACNLGGAVCRKHATEYREYMEAYNLVSASGFRLWCYKTFDIYNLWSTFTKVQ
NC_038294.1	RefSeq	mature_protein_region	19573,20601	ORF1ab	NendoU	YP_009944305.1	GLENIAFNFVKQGHFIGVEGELPVAVVNDKIFTKSGVNDICMFENKTTLPTNIAFELYAKRAVRSHPDFKLLHNLQADICYKFVLWDYERSNIYGTATIGVCKYTDIDVNSALNICFDIRDNGSLEKFMSTPNAIFISDRKIKKYPCMVGPDYAYFNGAIIRDSDVVKQPVKFYLYKKVNNEFIDPTECIYTQSRSCSDFLPLSDMEKDFLSFDSDVFIKKYGLENYAFEHVVYGDFSHTTLGGLHLLIGLYKKQQEGHIIMEEMLKGSSTIHNYFITETNTAAFKAVCSVIDLKLDDFVMILKSQDLGVVSKVVKVPIDLTMIEFMLWCKDGQVQTFYPRLQ
NC_038294.1	RefSeq	mature_protein_region	20602,21510	ORF1ab	2'-O-methyltransferase	YP_009944306.1	ASADWKPGHAMPSLFKVQNVNLERCELANYKQSIPMPRGVHMNIAKYMQLCQYLNTCTLAVPANMRVIHFGAGSDKGIAPGTSVLRQWLPTDAIIIDNDLNEFVSDADITLFGDCVTVRVGQQVDLVISDMYDPTTKNVTGSNESKALFFTYLCNLINNNLALGGSVAIKITEHSWSVELYELMGKFAWWTVFCTNANASSSEGFLLGINYLGTIKENIDGGAMHANYIFWRNSTPMNLSTYSLFDLSKFQLKLKGTPVLQLKESQINELVISLLSQGKLLIRDNDTLSVSTDVLVNTYRKLR
NC_038294.1	RefSeq	CDS	278,13453	ORF1ab	ORF1a polyprotein	YP_007188578.1	MSFVAGVTAQGARGTYRAALNSEKHQDHVSLTVPLCGSGNLVEKLSPWFMDGENAYEVVKAMLLKKEPLLYVPIRLAGHTRHLPGPRVYLVERLIACENPFMVNQLAYSSSANGSLVGTTLQGKPIGMFFPYDIELVTGKQNILLRKYGRGGYHYTPFHYERDNTSCPEWMDDFEADPKGKYAQNLLKKLIGGDVTPVDQYMCGVDGKPISAYAFLMAKDGITKLADVEADVAARADDEGFITLKNNLYRLVWHVERKDVPYPKQSIFTINSVVQKDGVENTPPHYFTLGCKILTLTPRNKWSGVSDLSLKQKLLYTFYGKESLENPTYIYHSAFIECGSCGNDSWLTGNAIQGFACGCGASYTANDVEVQSSGMIKPNALLCATCPFAKGDSCSSNCKHSVAQLVSYLSERCNVIADSKSFTLIFGGVAYAYFGCEEGTMYFVPRAKSVVSRIGDSIFTGCTGSWNKVTQIANMFLEQTQHSLNFVGEFVVNDVVLAILSGTTTNVDKIRQLLKGVTLDKLRDYLADYDVAVTAGPFMDNAINVGGTGLQYAAITAPYVVLTGLGESFKKVATIPYKVCNSVKDTLTYYAHSVLYRVFPYDMDSGVSSFSELLFDCVDLSVASTYFLVRLLQDKTGDFMSTIITSCQTAVSKLLDTCFEATEATFNFLLDLAGLFRIFLRNAYVYTSQGFVVVNGKVSTLVKQVLDLLNKGMQLLHTKVSWAGSNISAVIYSGRESLIFPSGTYYCVTTKAKSVQQDLDVILPGEFSKKQLGLLQPTDNSTTVSVTVSSNMVETVVGQLEQTNMHSPDVIVGDYVIISEKLFVRSKEEDGFAFYPACTNGHAVPTLFRLKGGAPVKKVAFGGDQVHEVAAVRSVTVEYNIHAVLDTLLASSSLRTFVVDKSLSIEEFADVVKEQVSDLLVKLLRGMPIPDFDLDDFIDAPCYCFNAEGDASWSSTMIFSLHPVECDEECSEVEASDLEEGESECISETSTEQVDVSHEISDDEWAAAVDEAFPLDEAEDVTESVQEEAQPVEVPVEDIAQVVIADTLQETPVVSDTVEVPPQVVKLPSEPQTIQPEVKEVAPVYEADTEQTQSVTVKPKRLRKKRNVDPLSNFEHKVITECVTIVLGDAIQVAKCYGESVLVNAANTHLKHGGGIAGAINAASKGAVQKESDEYILAKGPLQVGDSVLLQGHSLAKNILHVVGPDARAKQDVSLLSKCYKAMNAYPLVVTPLVSAGIFGVKPAVSFDYLIREAKTRVLVVVNSQDVYKSLTIVDIPQSLTFSYDGLRGAIRKAKDYGFTVFVCTDNSANTKVLRNKGVDYTKKFLTVDGVQYYCYTSKDTLDDILQQANKSVGIISMPLGYVSHGLDLIQAGSVVRRVNVPYVCLLANKEQEAILMSEDVKLNPSEDFIKHVRTNGGYNSWHLVEGELLVQDLRLNKLLHWSDQTICYKDSVFYVVKNSTAFPFETLSACRAYLDSRTTQQLTIEVLVTVDGVNFRTVVLNNKNTYRSQLGCVFFNGADISDTIPDEKQNGHSLYLADNLTADETKALKELYGPVDPTFLHRFYSLKAAVHKWKMVVCDKVRSLKLSDNNCYLNAVIMTLDLLKDIKFVIPALQHAFMKHKGGDSTDFIALIMAYGNCTFGAPDDASRLLHTVLAKAELCCSARMVWREWCNVCGIKDVVLQGLKACCYVGVQTVEDLRARMTYVCQCGGERHRQIVEHTTPWLLLSGTPNEKLVTTSTAPDFVAFNVFQGIETAVGHYVHARLKGGLILKFDSGTVSKTSDWKCKVTDVLFPGQKYSSDCNVVRYSLDGNFRTEVDPDLSAFYVKDGKYFTSEPPVTYSPATILAGSVYTNSCLVSSDGQPGGDAISLSFNNLLGFDSSKPVTKKYTYSFLPKEDGDVLLAEFDTYDPIYKNGAMYKGKPILWVNKASYDTNLNKFNRASLRQIFDVAPIELENKFTPLSVESTPVEPPTVDVVALQQEMTIVKCKGLNKPFVKDNVSFVADDSGTPVVEYLSKEDLHTLYVDPKYQVIVLKDNVLSSMLRLHTVESGDINVVAASGSLTRKVKLLFRASFYFKEFATRTFTATTAVGSCIKSVVRHLGVTKGILTGCFSFVKMLFMLPLAYFSDSKLGTTEVKVSALKTAGVVTGNVVKQCCTAAVDLSMDKLRRVDWKSTLRLLLMLCTTMVLLSSVYHLYVFNQVLSSDVMFEDAQGLKKFYKEVRAYLGISSACDGLASAYRANSFDVPTFCANRSAMCNWCLISQDSITHYPALKMVQTHLSHYVLNIDWLWFAFETGLAYMLYTSAFNWLLLAGTLHYFFAQTSIFVDWRSYNYAVSSAFWLFTHIPMAGLVRMYNLLACLWLLRKFYQHVINGCKDTACLLCYKRNRLTRVEASTVVCGGKRTFYITANGGISFCRRHNWNCVDCDTAGVGNTFICEEVANDLTTALRRPINATDRSHYYVDSVTVKETVVQFNYRRDGQPFYERFPLCAFTNLDKLKFKEVCKTTTGIPEYNFIIYDSSDRGQESLARSACVYYSQVLCKSILLVDSSLVTSVGDSSEIATKMFDSFVNSFVSLYNVTRDKLEKLISTARDGVRRGDNFHSVLTTFIDAARGPAGVESDVETNEIVDSVQYAHKHDIQITNESYNNYVPSYVKPDSVSTSDLGSLIDCNAASVNQIVLRNSNGACIWNAAAYMKLSDALKRQIRIACRKCNLAFRLTTSKLRANDNILSVRFTANKIVGGAPTWFNALRDFTLKGYVLATIIVFLCAVLMYLCLPTFSMVPVEFYEDRILDFKVLDNGIIRDVNPDDKCFANKHRSFTQWYHEHVGGVYDNSITCPLTVAVIAGVAGARIPDVPTTLAWVNNQIIFFVSRVFANTGSVCYTPIDEIPYKSFSDSGCILPSECTMFRDAEGRMTPYCHDPTVLPGAFAYSQMRPHVRYDLYDGNMFIKFPEVVFESTLRITRTLSTQYCRFGSCEYAQEGVCITTNGSWAIFNDHHLNRPGVYCGSDFIDIVRRLAVSLFQPITYFQLTTSLVLGIGLCAFLTLLFYYINKVKRAFADYTQCAVIAVVAAVLNSLCICFVASIPLCIVPYTALYYYATFYFTNEPAFIMHVSWYIMFGPIVPIWMTCVYTVAMCFRHFFWVLAYFSKKHVEVFTDGKLNCSFQDAASNIFVINKDTYAALRNSLTNDAYSRFLGLFNKYKYFSGAMETAAYREAAACHLAKALQTYSETGSDLLYQPPNCSITSGVLQSGLVKMSHPSGDVEACMVQVTCGSMTLNGLWLDNTVWCPRHVMCPADQLSDPNYDALLISMTNHSFSVQKHIGAPANLRVVGHAMQGTLLKLTVDVANPSTPAYTFTTVKPGAAFSVLACYNGRPTGTFTVVMRPNYTIKGSFLCGSCGSVGYTKEGSVINFCYMHQMELANGTHTGSAFDGTMYGAFMDKQVHQVQLTDKYCSVNVVAWLYAAILNGCAWFVKPNRTSVVSFNEWALANQFTEFVGTQSVDMLAVKTGVAIEQLLYAIQQLYTGFQGKQILGSTMLEDEFTPEDVNMQIMGVVMQSGVRKVTYGTAHWLFATLVSTYVIILQATKFTLWNYLFETIPTQLFPLLFVTMAFVMLLVKHKHTFLTLFLLPVAICLTYANIVYEPTTPISSALIAVANWLAPTNAYMRTTHTDIGVYISMSLVLVIVVKRLYNPSLSNFALALCSGVMWLYTYSIGEASSPIAYLVFVTTLTSDYTITVFVTVNLAKVCTYAIFAYSPQLTLVFPEVKMILLLYTCLGFMCTCYFGVFSLLNLKLRAPMGVYDFKVSTQEFRFMTANNLTAPRNSWEAMALNFKLIGIGGTPCIKVAAMQSKLTDLKCTSVVLLSVLQQLHLEANSRAWAFCVKCHNDILAATDPSEAFEKFVSLFATLMTFSGNVDLDALASDIFDTPSVLQATLSEFSHLATFAELEAAQKAYQEAMDSGDTSPQVLKALQKAVNIAKNAYEKDKAVARKLERMADQAMTSMYKQARAEDKKAKIVSAMQTMLFGMIKKLDNDVLNGIISNARNGCIPLSVIPLCASNKLRVVIPDFTVWNQVVTYPSLNYAGALWDITVINNVDNEIVKSSDVVDSNENLTWPLVLECTRASTSAVKLQNNEIKPSGLKTMVVSAGQEQTNCNTSSLAYYEPVQGRKMLMALLSDNAYLKWARVEGKDGFVSVELQPPCKFLIAGPKGPEIRYLYFVKNLNNLHRGQVLGHIAATVRLQAGSNTEFASNSSVLSLVNFTVDPQKAYLDFVNAGGAPLTNCVKMLTPKTGTGIAISVKPESTADQETYGGASVCLYCRAHIEHPDVSGVCKYKGKFVQIPAQCVRDPVGFCLSNTPCNVCQYWIGYGCNCDSLRQAALPQSKDSNFLNESGVLL
NC_038294.1	RefSeq	mature_protein_region	278,856	ORF1ab	nsp1	YP_009944281.1	MSFVAGVTAQGARGTYRAALNSEKHQDHVSLTVPLCGSGNLVEKLSPWFMDGENAYEVVKAMLLKKEPLLYVPIRLAGHTRHLPGPRVYLVERLIACENPFMVNQLAYSSSANGSLVGTTLQGKPIGMFFPYDIELVTGKQNILLRKYGRGGYHYTPFHYERDNTSCPEWMDDFEADPKGKYAQNLLKKLIGG
NC_038294.1	RefSeq	mature_protein_region	857,2836	ORF1ab	nsp2	YP_009944282.1	DVTPVDQYMCGVDGKPISAYAFLMAKDGITKLADVEADVAARADDEGFITLKNNLYRLVWHVERKDVPYPKQSIFTINSVVQKDGVENTPPHYFTLGCKILTLTPRNKWSGVSDLSLKQKLLYTFYGKESLENPTYIYHSAFIECGSCGNDSWLTGNAIQGFACGCGASYTANDVEVQSSGMIKPNALLCATCPFAKGDSCSSNCKHSVAQLVSYLSERCNVIADSKSFTLIFGGVAYAYFGCEEGTMYFVPRAKSVVSRIGDSIFTGCTGSWNKVTQIANMFLEQTQHSLNFVGEFVVNDVVLAILSGTTTNVDKIRQLLKGVTLDKLRDYLADYDVAVTAGPFMDNAINVGGTGLQYAAITAPYVVLTGLGESFKKVATIPYKVCNSVKDTLTYYAHSVLYRVFPYDMDSGVSSFSELLFDCVDLSVASTYFLVRLLQDKTGDFMSTIITSCQTAVSKLLDTCFEATEATFNFLLDLAGLFRIFLRNAYVYTSQGFVVVNGKVSTLVKQVLDLLNKGMQLLHTKVSWAGSNISAVIYSGRESLIFPSGTYYCVTTKAKSVQQDLDVILPGEFSKKQLGLLQPTDNSTTVSVTVSSNMVETVVGQLEQTNMHSPDVIVGDYVIISEKLFVRSKEEDGFAFYPACTNGHAVPTLFRLKGG
NC_038294.1	RefSeq	mature_protein_region	2837,8497	ORF1ab	PLpro	YP_009944283.1	APVKKVAFGGDQVHEVAAVRSVTVEYNIHAVLDTLLASSSLRTFVVDKSLSIEEFADVVKEQVSDLLVKLLRGMPIPDFDLDDFIDAPCYCFNAEGDASWSSTMIFSLHPVECDEECSEVEASDLEEGESECISETSTEQVDVSHEISDDEWAAAVDEAFPLDEAEDVTESVQEEAQPVEVPVEDIAQVVIADTLQETPVVSDTVEVPPQVVKLPSEPQTIQPEVKEVAPVYEADTEQTQSVTVKPKRLRKKRNVDPLSNFEHKVITECVTIVLGDAIQVAKCYGESVLVNAANTHLKHGGGIAGAINAASKGAVQKESDEYILAKGPLQVGDSVLLQGHSLAKNILHVVGPDARAKQDVSLLSKCYKAMNAYPLVVTPLVSAGIFGVKPAVSFDYLIREAKTRVLVVVNSQDVYKSLTIVDIPQSLTFSYDGLRGAIRKAKDYGFTVFVCTDNSANTKVLRNKGVDYTKKFLTVDGVQYYCYTSKDTLDDILQQANKSVGIISMPLGYVSHGLDLIQAGSVVRRVNVPYVCLLANKEQEAILMSEDVKLNPSEDFIKHVRTNGGYNSWHLVEGELLVQDLRLNKLLHWSDQTICYKDSVFYVVKNSTAFPFETLSACRAYLDSRTTQQLTIEVLVTVDGVNFRTVVLNNKNTYRSQLGCVFFNGADISDTIPDEKQNGHSLYLADNLTADETKALKELYGPVDPTFLHRFYSLKAAVHKWKMVVCDKVRSLKLSDNNCYLNAVIMTLDLLKDIKFVIPALQHAFMKHKGGDSTDFIALIMAYGNCTFGAPDDASRLLHTVLAKAELCCSARMVWREWCNVCGIKDVVLQGLKACCYVGVQTVEDLRARMTYVCQCGGERHRQIVEHTTPWLLLSGTPNEKLVTTSTAPDFVAFNVFQGIETAVGHYVHARLKGGLILKFDSGTVSKTSDWKCKVTDVLFPGQKYSSDCNVVRYSLDGNFRTEVDPDLSAFYVKDGKYFTSEPPVTYSPATILAGSVYTNSCLVSSDGQPGGDAISLSFNNLLGFDSSKPVTKKYTYSFLPKEDGDVLLAEFDTYDPIYKNGAMYKGKPILWVNKASYDTNLNKFNRASLRQIFDVAPIELENKFTPLSVESTPVEPPTVDVVALQQEMTIVKCKGLNKPFVKDNVSFVADDSGTPVVEYLSKEDLHTLYVDPKYQVIVLKDNVLSSMLRLHTVESGDINVVAASGSLTRKVKLLFRASFYFKEFATRTFTATTAVGSCIKSVVRHLGVTKGILTGCFSFVKMLFMLPLAYFSDSKLGTTEVKVSALKTAGVVTGNVVKQCCTAAVDLSMDKLRRVDWKSTLRLLLMLCTTMVLLSSVYHLYVFNQVLSSDVMFEDAQGLKKFYKEVRAYLGISSACDGLASAYRANSFDVPTFCANRSAMCNWCLISQDSITHYPALKMVQTHLSHYVLNIDWLWFAFETGLAYMLYTSAFNWLLLAGTLHYFFAQTSIFVDWRSYNYAVSSAFWLFTHIPMAGLVRMYNLLACLWLLRKFYQHVINGCKDTACLLCYKRNRLTRVEASTVVCGGKRTFYITANGGISFCRRHNWNCVDCDTAGVGNTFICEEVANDLTTALRRPINATDRSHYYVDSVTVKETVVQFNYRRDGQPFYERFPLCAFTNLDKLKFKEVCKTTTGIPEYNFIIYDSSDRGQESLARSACVYYSQVLCKSILLVDSSLVTSVGDSSEIATKMFDSFVNSFVSLYNVTRDKLEKLISTARDGVRRGDNFHSVLTTFIDAARGPAGVESDVETNEIVDSVQYAHKHDIQITNESYNNYVPSYVKPDSVSTSDLGSLIDCNAASVNQIVLRNSNGACIWNAAAYMKLSDALKRQIRIACRKCNLAFRLTTSKLRANDNILSVRFTANKIVGG
NC_038294.1	RefSeq	mature_protein_region	8498,10018	ORF1ab	nsp4	YP_009944284.1	APTWFNALRDFTLKGYVLATIIVFLCAVLMYLCLPTFSMVPVEFYEDRILDFKVLDNGIIRDVNPDDKCFANKHRSFTQWYHEHVGGVYDNSITCPLTVAVIAGVAGARIPDVPTTLAWVNNQIIFFVSRVFANTGSVCYTPIDEIPYKSFSDSGCILPSECTMFRDAEGRMTPYCHDPTVLPGAFAYSQMRPHVRYDLYDGNMFIKFPEVVFESTLRITRTLSTQYCRFGSCEYAQEGVCITTNGSWAIFNDHHLNRPGVYCGSDFIDIVRRLAVSLFQPITYFQLTTSLVLGIGLCAFLTLLFYYINKVKRAFADYTQCAVIAVVAAVLNSLCICFVASIPLCIVPYTALYYYATFYFTNEPAFIMHVSWYIMFGPIVPIWMTCVYTVAMCFRHFFWVLAYFSKKHVEVFTDGKLNCSFQDAASNIFVINKDTYAALRNSLTNDAYSRFLGLFNKYKYFSGAMETAAYREAAACHLAKALQTYSETGSDLLYQPPNCSITSGVLQ
NC_038294.1	RefSeq	mature_protein_region	10019,10936	ORF1ab	3C-like cysteine proteinase	YP_009944285.1	SGLVKMSHPSGDVEACMVQVTCGSMTLNGLWLDNTVWCPRHVMCPADQLSDPNYDALLISMTNHSFSVQKHIGAPANLRVVGHAMQGTLLKLTVDVANPSTPAYTFTTVKPGAAFSVLACYNGRPTGTFTVVMRPNYTIKGSFLCGSCGSVGYTKEGSVINFCYMHQMELANGTHTGSAFDGTMYGAFMDKQVHQVQLTDKYCSVNVVAWLYAAILNGCAWFVKPNRTSVVSFNEWALANQFTEFVGTQSVDMLAVKTGVAIEQLLYAIQQLYTGFQGKQILGSTMLEDEFTPEDVNMQIMGVVMQ
NC_038294.1	RefSeq	mature_protein_region	10937,11812	ORF1ab	nsp6	YP_009944286.1	SGVRKVTYGTAHWLFATLVSTYVIILQATKFTLWNYLFETIPTQLFPLLFVTMAFVMLLVKHKHTFLTLFLLPVAICLTYANIVYEPTTPISSALIAVANWLAPTNAYMRTTHTDIGVYISMSLVLVIVVKRLYNPSLSNFALALCSGVMWLYTYSIGEASSPIAYLVFVTTLTSDYTITVFVTVNLAKVCTYAIFAYSPQLTLVFPEVKMILLLYTCLGFMCTCYFGVFSLLNLKLRAPMGVYDFKVSTQEFRFMTANNLTAPRNSWEAMALNFKLIGIGGTPCIKVAAMQ
NC_038294.1	RefSeq	mature_protein_region	11813,12061	ORF1ab	nsp7	YP_009944287.1	SKLTDLKCTSVVLLSVLQQLHLEANSRAWAFCVKCHNDILAATDPSEAFEKFVSLFATLMTFSGNVDLDALASDIFDTPSVLQ
NC_038294.1	RefSeq	mature_protein_region	12062,12658	ORF1ab	nsp8	YP_009944288.1	ATLSEFSHLATFAELEAAQKAYQEAMDSGDTSPQVLKALQKAVNIAKNAYEKDKAVARKLERMADQAMTSMYKQARAEDKKAKIVSAMQTMLFGMIKKLDNDVLNGIISNARNGCIPLSVIPLCASNKLRVVIPDFTVWNQVVTYPSLNYAGALWDITVINNVDNEIVKSSDVVDSNENLTWPLVLECTRASTSAVKLQ
NC_038294.1	RefSeq	mature_protein_region	12659,12988	ORF1ab	nsp9	YP_009944289.1	NNEIKPSGLKTMVVSAGQEQTNCNTSSLAYYEPVQGRKMLMALLSDNAYLKWARVEGKDGFVSVELQPPCKFLIAGPKGPEIRYLYFVKNLNNLHRGQVLGHIAATVRLQ
NC_038294.1	RefSeq	mature_protein_region	12989,13408	ORF1ab	nsp10	YP_009944290.1	AGSNTEFASNSSVLSLVNFTVDPQKAYLDFVNAGGAPLTNCVKMLTPKTGTGIAISVKPESTADQETYGGASVCLYCRAHIEHPDVSGVCKYKGKFVQIPAQCVRDPVGFCLSNTPCNVCQYWIGYGCNCDSLRQAALPQ
NC_038294.1	RefSeq	mature_protein_region	13409,13450	ORF1ab	nsp11	YP_009944291.1	SKDSNFLNESGVLL
NC_038294.1	RefSeq	gene	21455,25516	S	.	.	.
NC_038294.1	RefSeq	CDS	21455,25516	S	spike protein	YP_007188579.1	MIHSVFLLMFLLTPTESYVDVGPDSVKSACIEVDIQQTFFDKTWPRPIDVSKADGIIYPQGRTYSNITITYQGLFPYQGDHGDMYVYSAGHATGTTPQKLFVANYSQDVKQFANGFVVRIGAAANSTGTVIISPSTSATIRKIYPAFMLGSSVGNFSDGKMGRFFNHTLVLLPDGCGTLLRAFYCILEPRSGNHCPAGNSYTSFATYHTPATDCSDGNYNRNASLNSFKEYFNLRNCTFMYTYNITEDEILEWFGITQTAQGVHLFSSRYVDLYGGNMFQFATLPVYDTIKYYSIIPHSIRSIQSDRKAWAAFYVYKLQPLTFLLDFSVDGYIRRAIDCGFNDLSQLHCSYESFDVESGVYSVSSFEAKPSGSVVEQAEGVECDFSPLLSGTPPQVYNFKRLVFTNCNYNLTKLLSLFSVNDFTCSQISPAAIASNCYSSLILDYFSYPLSMKSDLSVSSAGPISQFNYKQSFSNPTCLILATVPHNLTTITKPLKYSYINKCSRFLSDDRTEVPQLVNANQYSPCVSIVPSTVWEDGDYYRKQLSPLEGGGWLVASGSTVAMTEQLQMGFGITVQYGTDTNSVCPKLEFANDTKIASQLGNCVEYSLYGVSGRGVFQNCTAVGVRQQRFVYDAYQNLVGYYSDDGNYYCLRACVSVPVSVIYDKETKTHATLFGSVACEHISSTMSQYSRSTRSMLKRRDSTYGPLQTPVGCVLGLVNSSLFVEDCKLPLGQSLCALPDTPSTLTPRSVRSVPGEMRLASIAFNHPIQVDQLNSSYFKLSIPTNFSFGVTQEYIQTTIQKVTVDCKQYVCNGFQKCEQLLREYGQFCSKINQALHGANLRQDDSVRNLFASVKSSQSSPIIPGFGGDFNLTLLEPVSISTGSRSARSAIEDLLFDKVTIADPGYMQGYDDCMQQGPASARDLICAQYVAGYKVLPPLMDVNMEAAYTSSLLGSIAGVGWTAGLSSFAAIPFAQSIFYRLNGVGITQQVLSENQKLIANKFNQALGAMQTGFTTTNEAFHKVQDAVNNNAQALSKLASELSNTFGAISASIGDIIQRLDVLEQDAQIDRLINGRLTTLNAFVAQQLVRSESAALSAQLAKDKVNECVKAQSKRSGFCGQGTHIVSFVVNAPNGLYFMHVGYYPSNHIEVVSAYGLCDAANPTNCIAPVNGYFIKTNNTRIVDEWSYTGSSFYAPEPITSLNTKYVAPQVTYQNISTNLPPPLLGNSTGIDFQDELDEFFKNVSTSIPNFGSLTQINTTLLDLTYEMLSLQQVVKALNESYIDLKELGNYTYYNKWPWYIWLGFIAGLVALALCVFFILCCTGCGTNCMGKLKCNRCCDRYEEYDLEPHKVHVH
NC_038294.1	RefSeq	gene	25531,25842	ORF3	.	.	.
NC_038294.1	RefSeq	CDS	25531,25842	ORF3	NS3A protein	YP_007188580.1	MRVQRPPTLLLVFSLSLLVTAFSKPLYVPEHCQNYSGCMLRACIKTAQADTAGLYTNFRIDVPSAESTGTQSVSVDRESTSTHDGPTEHVTSVNLFDVGYSVN
NC_038294.1	RefSeq	gene	25851,26180	ORF4a	.	.	.
NC_038294.1	RefSeq	CDS	25851,26180	ORF4a	NS3B protein	YP_007188581.1	MDYVSLLNQIWQKYLNSPYTTCLYIPKPTAKYTPLVGTSLHPVLWNCQLSFAGYTESAVNSTKALAKQDAAQRIAWLLHKDGGIPDGCSLYLRHSSLFAQSEEEESFSN
NC_038294.1	RefSeq	gene	26092,26832	ORF4b	.	.	.
NC_038294.1	RefSeq	CDS	26092,26832	ORF4b	NS3C protein	YP_007188582.1	MEESLMDVPSTSGTQVYSRKARKRSHSPTKKLRYVKRRFSLLRPEDLSVIVQPTHYVRVTFSDPNMWYLRSGHHLHSVHNWLKPYGGQPVSEYHITLALLNLTDEDLARDFSPIALFLRNVRFELHEFALLRKTLVLNASEIYCANIHRFKPVYRVNTAIPTIKDWLLVQGFSLYHSGLPLHMSISKLHALDDVTRNYIITMPCFRTYPQQMFVTPLAVDVVSIRSSNQGNKQIVHSYPILHHPGF
NC_038294.1	RefSeq	gene	26839,27513	ORF5	.	.	.
NC_038294.1	RefSeq	CDS	26839,27513	ORF5	NS3D protein	YP_007188583.1	MAFSASLFKPVQLVPVSPAFHRIESTDSIVFTYIPASGYVAALAVNVCLIPLLLLLRQDTCRRSIIRTMVLYFLVLYNFLLAIVLVNGVHYPTGSCLIAFLVILIILWFVDRIRFCLMLNSYIPLFDMRSHFIRVSTVSSHGMVPVIHTKPLFIRNFDQRCSCSRCFYLHSSTYIECTYISRFSKISLVSVTDFSLNGNVSTVFVPATRDSVPLHIIAPSSLIV
NC_038294.1	RefSeq	gene	27589,27837	E	.	.	.
NC_038294.1	RefSeq	CDS	27589,27837	E	envelope protein	YP_007188584.1	MLPFVQERIGLFIVNFFIFTVVCAITLLVCMAFLTATRLCVQCMTGFNTLLVQPALYLYNTGRSVYVKFQDSKPPLPPDEWV
NC_038294.1	RefSeq	gene	27852,28511	M	.	.	.
NC_038294.1	RefSeq	CDS	27852,28511	M	membrane protein	YP_007188585.1	MSNMTQLTEAQIIAIIKDWNFAWSLIFLLITIVLQYGYPSRSMTVYVFKMFVLWLLWPSSMALSIFSAVYPIDLASQIISGIVAAVSAMMWISYFVQSIRLFMRTGSWWSFNPETNCLLNVPFGGTTVVRPLVEDSTSVTAVVTNGHLKMAGMHFGACDYDRLPNEVTVAKPNVLIALKMVKRQSYGTNSGVAIYHRYKAGNYRSPPITADIELALLRA
NC_038294.1	RefSeq	gene	28565,29800	N	.	.	.
NC_038294.1	RefSeq	CDS	28565,29800	N	nucleocapsid protein	YP_007188586.1	MASPAAPRAVSFADNNDITNTNLSRGRGRNPKPRAAPNNTVSWYTGLTQHGKVPLTFPPGQGVPLNANSTPAQNAGYWRRQDRKINTGNGIKQLAPRWYFYYTGTGPEAALPFRAVKDGIVWVHEDGATDAPSTFGTRNPNNDSAIVTQFAPGTKLPKNFHIEGTGGNSQSSSRASSVSRNSSRSSSQGSRSGNSTRGTSPGPSGIGAVGGDLLYLDLLNRLQALESGKVKQSQPKVITKKDAAAAKNKMRHKRTSTKSFNMVQAFGLRGPGDLQGNFGDLQLNKLGTEDPRWPQIAELAPTASAFMGMSQFKLTHQNNDDHGNPVYFLRYSGAIKLDPKNPNYNKWLELLEQNIDAYKTFPKKEKKQKAPKEESTDQMSEPPKEHRVQGTQRTRTRPSVQPGPMIDVNTD
NC_038294.1	RefSeq	gene	28761,29099	ORF8b	.	.	.
NC_038294.1	RefSeq	CDS	28761,29099	ORF8b	ORF8b	YP_009944280.1	MPIPPLRKMLGIGGDRTEKLIPGMELSNWLPGGTSTTLELDPKQHSHSGLLRMASFGSMKMAPLMLLQLLGRGTLTMIQLLLHNSRPVLSFLKTSTLRGLEAIVNHLQEPLA
NC_038294.1	RefSeq	3'UTR	29801,30111	.	.	.	.
