NC_039345.1	RefSeq	5'UTR	1,55	.	.	.	.
NC_039345.1	RefSeq	gene	56,3019	NP	.	.	.
NC_039345.1	RefSeq	regulatory	56,67	NP	.	.	.
NC_039345.1	RefSeq	CDS	464,2683	NP	nucleoprotein	YP_009513274.1	MEVRNSRQWTTQSASDSSVDYHSILTAGLSMPQSIVRQRVIPVFQISNLEDICQMIIQAFEAGVDFQDSADSFLLMLCLHHAYQGDYKLFLESGAVKYLEGHGFRFEPRKKDGVKRLEELLPAVTNGKNIRRTLAAMPEGETTEANAGQFLSFASLFLPKLVVGEKACLEKVQRQIQVHAEQGLIQYPTSWQSVGHMMVIFRLMRTNFLIKFLLIHQGMHMIAGHDANDAVIANSVAQARFSGLLIVKTVLDHILQKTDRGVRLHPLARTAKVRNEVHSFKAALNSLAQHGEYAPFARLLNLSGVNNLEHGLYPQLSAIALGVATAHGSTLAGVNVGEQYQQLREAATEAEKQLQQYAETRELDHLGLDTKEKEILMNFHQRKNEISFQQTNAMVSLRKERLAKLTEAIAAASAQRERGYYDDDNEIPFPGPINDNDDQDQHVDDPTDTQDTTIPDIVVDPDDGGYRGYQIRQDDDMDAPDDLVLFDLDDNEQGPPSENARPGFTVERGPRSSGQQKSTEQHQPPPSSDLQAPTYNHHSREHHADQGTRSHELRSVQESDLLASIPEEHHPADHTDDKASLSLPPDSESDGESSPDTDEADRTTAPPAPVYKNHKDAGPATVGETNEETDFDDNINNQSESPLNDHGIERMYRHILETQGPFDAILYYHMMKDEPVTFSTSDGKEYIYPDSLENEYPPWLSEKEATQSESRFINIDGQQFYWPVMNYRDKFMAILQHHS
NC_039345.1	RefSeq	regulatory	3009,3019	NP	.	.	.
NC_039345.1	RefSeq	gene	3026,4394	VP35	.	.	.
NC_039345.1	RefSeq	regulatory	3026,3037	VP35	.	.	.
NC_039345.1	RefSeq	CDS	3114,4139	VP35	polymerase complex protein	YP_009513275.1	MNSQRIKVINASSTQPKIQPKHGPDLSGWISEQLMTGKIPVNDIFYDTDSISSYTGIPPLAVKTQKPKRVDNDTQTDPVCQHSFDEVVQTLTSLTTVVQQQALATESLEQRISSLESNFKPVLDMAKTIASLQRACSEMVAKYDLLVMTTGRATATAAATEAYWKEHGQPPPGPSLYEEDAIRHKIETMQDVVPQAVQEAFKNLESTTSLTEENFGKPYISAKDLRDIMYDNLPGFGTAFHQLVQVICKIGKDNGLLDTIHAEFQASLADGDSPQCALIQITKRVPAFQEIPPPTIHIRSRGDIPRACQKSLRPVPPSPKIDRGWVCIFQLQDGKTLGLKI
NC_039345.1	RefSeq	gene	4377,5881	VP40	.	.	.
NC_039345.1	RefSeq	regulatory	4377,4388	VP40	.	.	.
NC_039345.1	RefSeq	regulatory	4384,4394	VP35	.	.	.
NC_039345.1	RefSeq	CDS	4466,5446	VP40	matrix protein	YP_009513276.1	MRRTVIPTAPPDYTEALYPQRTNSIGSASTSTNQQYYPTDVPGGDIPSNSLRPVADDNIDHTNHTPDNVSSAFILEAMVNVISGPKVLMKQIPIWLPLGVADQKKYSFDSTTAAIMLASYTITHFGKTSNPLVRVNRLGPGIPDHPLRLLRLGNQAFLQEFVLPPVQLPQYFTFDLTALKLITQPLPAATWTDEVLLTSPNMLRPGLSFHPKLRPILLPGKPGKKGANLGLTAPDKIHAIMDHLQDLKVVPIDSSKNIVGIEVPDALVQKLTGKKPHAKNGQSIIPVLLPKYIGPDPVSASDLTMVITQDCDTCNSPASFPIASEK
NC_039345.1	RefSeq	regulatory	5870,5881	VP40	.	.	.
NC_039345.1	RefSeq	gene	5887,8297	GP	.	.	.
NC_039345.1	RefSeq	regulatory	5887,5898	GP	.	.	.
NC_039345.1	RefSeq	CDS	6043,6915;6915,8060	GP	spike glycoprotein	YP_009513277.1	MILQVPEKRHQRTVLFIWLVILFQRAVSVPLGVIHNSTLQVSDIDKFVCHDKLTSTNQLRSIGLNLEGNGIATDVPSATKRWGFRAGVPPKVVGYEAGEWAENCYNLEIKKPDGSECLPMAPEGIRGFPRCRYVHKVSGTGSCESGFAFHKEGAFFLYDRLASTIIYRGTTFAEGVVAFIILPKAEKNFLQPPLTQGPTNTTNDPSSMYHSTTLEYETTRFGTNRSAFWFKVDNLTFVQLESRFTPQFLVELNETIYIEGKRSNTTGRLIWQVNSRVDTDVGEWAFWENKKNLKKSFPREELSLTAVPRAADSEHDAHPPEYTPGPDSNPTINDNTELVTEDPAHLVQLQRQGRKEILPTTIPQAIEREPPAAQHDNPRNSPTPPSPIESDITDSTQAEDLTHTDDPSTINSATEEPLPEVGETTQVPRDPEGPRRTQPTPPTGQPEQPSDNTMTPGQIHSESAAPMGERSIDGPGLLTNTLAGVARLITGAGRAKRESPEIRGAKCNPNLHYWTTHEESAAAGLAWIPYFGPAAEGIYTEGLMQNQNELICGLRQLANETTQALQLFLRSTTELRTFSILNRKAIDFLLQRWGGTCRILGPDCCIEPHDWTKNITDRIDQIIHDFVDKPLPDQSNNDNWWTGWRQWIPAGIGVVGVIAAFIALICICKIIC
NC_039345.1	RefSeq	CDS	6043,7140	GP	small secreted glycoprotein	YP_009513278.1	MILQVPEKRHQRTVLFIWLVILFQRAVSVPLGVIHNSTLQVSDIDKFVCHDKLTSTNQLRSIGLNLEGNGIATDVPSATKRWGFRAGVPPKVVGYEAGEWAENCYNLEIKKPDGSECLPMAPEGIRGFPRCRYVHKVSGTGSCESGFAFHKEGAFFLYDRLASTIIYRGTTFAEGVVAFIILPKAEKNFLQPPLTQGPTNTTNDPSSMYHSTTLEYETTRFGTNRSAFWFKVDNLTFVQLESRFTPQFLVELNETIYIEGKRSNTTGRLIWQVNSRVDTDVGEWAFWENKKTSKRAFHVKSCLSQLYQEQLTLNTTRTRRSIHQAQTPTPQSMTTPNWLQKIPLTWFNCNVRDGKRYCRPQYPKP
NC_039345.1	RefSeq	CDS	6043,6914;6916,6940	GP	second secreted glycoprotein	YP_009513279.1	MILQVPEKRHQRTVLFIWLVILFQRAVSVPLGVIHNSTLQVSDIDKFVCHDKLTSTNQLRSIGLNLEGNGIATDVPSATKRWGFRAGVPPKVVGYEAGEWAENCYNLEIKKPDGSECLPMAPEGIRGFPRCRYVHKVSGTGSCESGFAFHKEGAFFLYDRLASTIIYRGTTFAEGVVAFIILPKAEKNFLQPPLTQGPTNTTNDPSSMYHSTTLEYETTRFGTNRSAFWFKVDNLTFVQLESRFTPQFLVELNETIYIEGKRSNTTGRLIWQVNSRVDTDVGEWAFWENKKPQKELST
NC_039345.1	RefSeq	misc_feature	6910,6916	GP	.	.	.
NC_039345.1	RefSeq	gene	8280,9738	VP30	.	.	.
NC_039345.1	RefSeq	regulatory	8280,8291	VP30	.	.	.
NC_039345.1	RefSeq	regulatory	8287,8297	GP	.	.	.
NC_039345.1	RefSeq	CDS	8484,9383	VP30	minor nucleoprotein	YP_009513280.1	MHQQRTQNPHSTEAIRERGRTRTVHPPSRDSGEFRMRARSVSRDYSRGENYHQRGTSQTRAPVMFHKKKTEALLVPPAPKDICPTLKKGFLCDSNFCRKDHHLEGLTDRELLLLIARKTSGLVDPSVCASAPKDARLAHPTAEDFDQQSGPKMTLSLVLRIIEYWAEKDLRNIDDSKLRALLTLCAVTTRKFSKSQLSLLCDAHLRRESLGQDQSESVLEVYQKLHSDKGGHFEAALWQQWDRQSLVMFITAFLNIAPQLPCESSAVVISSLKLLIPAAEHNTTGSSPTTPSWSDAADS
NC_039345.1	RefSeq	regulatory	9728,9738	VP30	.	.	.
NC_039345.1	RefSeq	gene	9888,11598	VP24	.	.	.
NC_039345.1	RefSeq	regulatory	9888,9899	VP24	.	.	.
NC_039345.1	RefSeq	CDS	10399,11154	VP24	membrane-associated protein	YP_009513281.1	MAKATGRYNLISPKQELEKGVVFSDLCNFVVSQTVQGWRVYWAGIEFEVTQKGMALLSRLKTNDFAPAWAMTRNLFPHLFQNPNSVIEHPLWALRVILAAGIYDQLIEQSLIEPLAGALGLIADWLLVTSTAHLNLRARSVKEQLSLKMLSLIRSNILKFIGKLDALHVVNYNGLLSSIEVNTNMHAVIITRTNMGYLVELQEPDKSALDPRHPGPVKFSLLHESTLKAFTEKSTSGIQNLILEFNSSLAI
NC_039345.1	RefSeq	gene	11580,18790	L	.	.	.
NC_039345.1	RefSeq	regulatory	11580,11591	L	.	.	.
NC_039345.1	RefSeq	regulatory	11587,11598	VP24	.	.	.
NC_039345.1	RefSeq	CDS	11666,18298	L	RNA-dependent RNA polymerase	YP_009513282.1	MASSHTQYPDARLSSPIVLDQCDLVTRACGIFSAYSLNPQLKSCRLPKHIYRLRYDPTVAQFLSDVPVATLPIDYILPVLLRAISEGEYCPLEPRCKQFQNEILDYTLQDARFLEYYLRTTGSEEKEGNLTANPALKNVILKNEFLPQLYFWYDLAILARRGRLNRGNARSTWFVHDKLIDILGYGDYIFWKFPLSLLPMNENGIPHAAMDWYQRGLFQEAIQGYKYIVSVSTADVLIMCKDIVTCRFNTVLIAAVARIEDHVHIDYPDVSVISTLYRAGDYLLSILGSEGYKIIKFLEPSCLAKIQLCATYTESKGRFLTQMHLAVIHTLEELLNGRNLKTFQLQKIREFHQIIVRLRSTPQQFCELFSIQKHWGHPILHSERAIQKVKRHATIMKALRPIVIFETYCVFKYSVAKHYFDSQGTWYSVTSDKALTPSLQSYIRRNQFPPLPMIKDLLWEFYHLDHPPLFSTKVISDLSIFIKDRATAVEQTCWDAVFEPNVLGYNPPYRFTTKRVPEQFLEQENFSIDSVLNFAQSLDYLLPQYRNFSFSLKEKELNIGRTFGKLPYLTRNVQTLCEALLADGLAKAFPSNMMVVTEREQKESLLHQASWHHTSDDFGEHATVRGSSFVTDLEKYNLAFRYEFTSPFIEYCNRCYGVRNVFNWMHFIIPQCYMHVSDYYNPPHGLSLENRETPPDGPSAYRGHLGGIEGLQQKLWTSISCSQISLVEIKTGFKLRSAVMGDNQCITVLSVFPLESDPDEQELHAEDNAARVAASLAKVTSACGIFLKPEETFVHSGFIYFGKKQYLNGVQLPQSLKTAARMAPLSDAIFDDLQGTLASIGTAFERSISETRHILPCRIAAAFHTFFSVRILQHHHLGFNKGTDLGQLAISKPLDFGTITLALAVPQVLGGLSFLNPEKCFYRNLGDPVTSGLFQLKKYLQMLDMEDLFLPLIAKNPGNCSAIDFVLNPSGLNVPGSQDLTSFLRQIVRRTITLSAKNSLINTLFHASADFEDEMVCKWLLSSNPVMSRFAADIFSRTPSGKRLQILGYLEGTRTLLASKIINNDSDTPILDRLRKITIQRWGLWFSYLDQCDQALAEALDKIHCTVDLAQILREYSWAHLLEGRRLIGATLPCMLEQFQVWWLKPYEQCPACNSLKDAGASPYVSAAIKQNIVSAWPNRARLSWTIGDGIPYIGSRTEDKIGQPAIKPRCPSAALREAIELASRLTWVTQGGANSDLLIKPFLEARVNLSVEEILQMTPSHYSGNIVHRYNDQYSPHSFMANRMSNSATRLIVSTNTLGEFSGGGQSARDSNIIFQNVINYAVALFDIRFRNKDPSSIPFNRAHLHLTRCCTREVPAQYLTYTTTLKLDLTRYKDNELIYDNDPLRGGLNCNLTFDHPLFKGERLNIIEEDLIRFPHLSGWELAKTILQSIMSDSSNSSTDPISSGETRSFTTHFLTYPIIGLLYSFGALTSFYLGGTIISTKKIKIEEFLYYLTTQIHNLPHRSLRVLKPTFKHASVIARLVDIDPHFSIYIGGSAGDRGLSDAARLFLRISIKTFIDFIQDWIIIRKVATPLWIIYPLEGHSPHPINNYLNRVISLCECQSISRKLPASNDQTGTMITQNLVYMCKSTASNFFHASLAYWRNRQKSQTKKRLNACATKSHKASSQKGLTTDPFNLTTTKLHTNLTPCRWRLDMGSKDPVRSQRAIPTEQMRSSLDNMSEENTTHSTLPNNSLAESWIHPDFSTAPDSGTRCHSRCLAVPFFAQASGRNSQNTAVSTQYISIISTLLSQIKTMVDTTRYCRFTGIVSSMHYKLDEILCGLGNFPTAITLAEGEGSGALLLIQKYGTRNLFFNTLATEHSIESEIVTGSTTPRMLLPIMERFYKDELHIILNNSASQITDITSSCWFTSQKNRLPHNVDIITMDAETIENIDRSRLYEAVKHVIVNHIDTAALRVVVLKVFLSDVKGMIWLNDNLAPYFGAGLLVKPITSNARSSEWYLCLTNFLTLHRVAPHQGHVSCLQVICKALHCQLRRNSYWLSHLMHYGSRDLHIEYINLGFPSLEKVLYHRYNLVDSGRGPLTSVMQHLVHLQSEIRELVSDYHQLRQSRTQTYHFIKTSKGRITKLVDDYLKYYLIIRALKHGKDWRHEFHQLPELVSVCKRFYHVKNCQCDDRFWVQTLYLSRMPESELKLLERVTGFLTLFPEGFQNPP
NC_039345.1	RefSeq	regulatory	18780,18790	L	.	.	.
NC_039345.1	RefSeq	3'UTR	18791,19043	.	.	.	.
