NC_014373.1	RefSeq	5'UTR	1,55	.	.	.	.
NC_014373.1	RefSeq	gene	56,3014	NP	.	.	.
NC_014373.1	RefSeq	mRNA	56,3014	NP	nucleoprotein	.	.
NC_014373.1	RefSeq	regulatory	56,67	NP	.	.	.
NC_014373.1	RefSeq	CDS	458,2677	NP	nucleoprotein	YP_003815432.1	MDPRPIRTWMMHNTSEVEADYHKILTAGLSVQQGIVRQRIIPVYQISNLEEVCQLIIQAFEAGVDFQDSADSFLLMLCLHHAYQGDYKQFLESNAVKYLEGHGFRFEMKKKEGVKRLEELLPAASSGKNIKRTLAAMPEEETTEANAGQFLSFASLFLPKLVVGEKACLEKVQRQIQVHAEQGLIQYPTSWQSVGHMMVIFRLMRTNFLIKFLLIHQGMHMVAGHDANDAVIANSVAQARFSGLLIVKTVLDHILQKTEHGVRLHPLARTAKVKNEVSSFKAALASLAQHGEYAPFARLLNLSGVNNLEHGLFPQLSAIALGVATAHGSTLAGVNVGEQYQQLREAATEAEKQLQKYAESRELDHLGLDDQEKKILKDFHQKKNEISFQQTTAMVTLRKERLAKLTEAITSTSILKTGRRYDDDNDIPFPGPINDNENSGQNDDDPTDSQDTTIPDVIIDPNDGGYNNYSDYANDAASAPDDLVLFDLEDEDDADNPAQNTPEKNDRPATTKLRNGQDQDGNQGETASPRVAPNQYRDKPMPQVQDRSENHDQTLQTQSRVLTPISEEADPSDHNDGDNESIPPLESDDEGSTDTTAAETKPATAPPAPVYRSISVDDSVPSENIPAQSNQTNNEDNVRNNAQSEQSIAEMYQHILKTQGPFDAILYYHMMKEEPIIFSTSDGKEYTYPDSLEDEYPPWLSEKEAMNEDNRFITMDGQQFYWPVMNHRNKFMAILQHHR
NC_014373.1	RefSeq	regulatory	3003,3014	NP	.	.	.
NC_014373.1	RefSeq	gene	3020,4389	VP35	.	.	.
NC_014373.1	RefSeq	mRNA	3020,4389	VP35	VP35	.	.
NC_014373.1	RefSeq	regulatory	3020,3031	VP35	.	.	.
NC_014373.1	RefSeq	CDS	3108,4133	VP35	polymerase complex protein	YP_003815433.1	MTSNRARVTYNPPPTTTGTRSCGPELSGWISEQLMTGKIPITDIFNEIETLPSISPSIHSKIKTPSVQTRSVQTQTDPNCNHDFAEVVKMLTSLTLVVQKQTLATESLEQRITDLEGSLKPVSEITKIVSALNRSCAEMVAKYDLLVMTTGRATATAAATEAYWAEHGRPPPGPSLYEEDAIRTKIGKQGDMVPKEVQEAFRNLDSTALLTEENFGKPDISAKDLRNIMYDHLPGFGTAFHQLVQVICKLGKDNSSLDVIHAEFQASLAEGDSPQCALIQITKRIPIFQDAAPPVIHIRSRGDIPKACQKSLRPVPPSPKIDRGWVCIFQLQDGKTLGLKI
NC_014373.1	RefSeq	gene	4372,5875	VP40	.	.	.
NC_014373.1	RefSeq	mRNA	4372,5875	VP40	VP40	.	.
NC_014373.1	RefSeq	regulatory	4372,4383	VP40	.	.	.
NC_014373.1	RefSeq	regulatory	4379,4389	VP35	.	.	.
NC_014373.1	RefSeq	CDS	4461,5441	VP40	matrix protein	YP_003815434.1	MRRAILPTAPPEYIEAVYPMRTVSTSINSTASGPNFPAPDVMMSDTPSNSLRPIADDNIDHPSHTPTSVSSAFILEAMVNVISGPKVLMKQIPIWLPLGVADQKTYSFDSTTAAIMLASYTITHFGKTSNPLVRINRLGPGIPDHPLRLLRIGNQAFLQEFVLPPVQLPQYFTFDLTALKLITQPLPAATWTDDTPTGPTGILRPGISFHPKLRPILLPGKTGKRGSSSDLTSPDKIQAIMNFLQDLKLVPIDPAKNIMGIEVPELLVHRLTGKKITTKNGQPIIPILLPKYIGMDPISQGDLTMVITQDCDTCHSPASLPPVSEK
NC_014373.1	RefSeq	regulatory	5865,5875	VP40	.	.	.
NC_014373.1	RefSeq	gene	5882,8286	GP	.	.	.
NC_014373.1	RefSeq	mRNA	5882,8286	GP	sGP	.	.
NC_014373.1	RefSeq	regulatory	5882,5893	GP	.	.	.
NC_014373.1	RefSeq	CDS	6021,6905;6905,8050	GP	spike glycoprotein	YP_003815435.1	MVTSGILQLPRERFRKTSFFVWVIILFHKVFPIPLGVVHNNTLQVSDIDKLVCRDKLSSTSQLKSVGLNLEGNGVATDVPTATKRWGFRAGVPPKVVNYEAGEWAENCYNLDIKKADGSECLPEAPEGVRGFPRCRYVHKVSGTGPCPEGYAFHKEGAFFLYDRLASTIIYRSTTFSEGVVAFLILPETKKDFFQSPPLHEPANMTTDPSSYYHTVTLNYVADNFGTNMTNFLFQVDHLTYVQLEPRFTPQFLVQLNETIYTNGRRSNTTGTLIWKVNPTVDTGVGEWAFWENKKNFTKTLSSEELSVIFVPRAQDPGSNQKTKVTPTSFANNQTSKNHEDLVPEDPASVVQVRDLQRENTVPTPPPDTVPTTLIPDTMEEQTTSHYEPPNISRNHQERNNTAHPETLANNPPDNTTPSTPPQDGERTSSHTTPSPRPVPTSTIHPTTRETHIPTTMTTSHDTDSNRPNPIDISESTEPGPLTNTTRGAANLLTGSRRTRREITLRTQAKCNPNLHYWTTQDEGAAIGLAWIPYFGPAAEGIYTEGIMHNQNGLICGLRQLANETTQALQLFLRATTELRTFSILNRKAIDFLLQRWGGTCHILGPDCCIEPHDWTKNITDKIDQIIHDFIDKPLPDQTDNDNWWTGWRQWVPAGIGITGVIIAVIALLCICKFLL
NC_014373.1	RefSeq	CDS	6021,7142	GP	small secreted glycoprotein	YP_003815436.1	MVTSGILQLPRERFRKTSFFVWVIILFHKVFPIPLGVVHNNTLQVSDIDKLVCRDKLSSTSQLKSVGLNLEGNGVATDVPTATKRWGFRAGVPPKVVNYEAGEWAENCYNLDIKKADGSECLPEAPEGVRGFPRCRYVHKVSGTGPCPEGYAFHKEGAFFLYDRLASTIIYRSTTFSEGVVAFLILPETKKDFFQSPPLHEPANMTTDPSSYYHTVTLNYVADNFGTNMTNFLFQVDHLTYVQLEPRFTPQFLVQLNETIYTNGRRSNTTGTLIWKVNPTVDTGVGEWAFWENKKTSQKPFQVKSCLSYLYQEPRIQAATRRRRSLPPASPTTKPPRTTKTWFQRIPLQWFKCETSRGKTQCRPHPQTQSPQL
NC_014373.1	RefSeq	CDS	6021,6905;6907,6930	GP	second secreted glycoprotein	YP_003815437.1	MVTSGILQLPRERFRKTSFFVWVIILFHKVFPIPLGVVHNNTLQVSDIDKLVCRDKLSSTSQLKSVGLNLEGNGVATDVPTATKRWGFRAGVPPKVVNYEAGEWAENCYNLDIKKADGSECLPEAPEGVRGFPRCRYVHKVSGTGPCPEGYAFHKEGAFFLYDRLASTIIYRSTTFSEGVVAFLILPETKKDFFQSPPLHEPANMTTDPSSYYHTVTLNYVADNFGTNMTNFLFQVDHLTYVQLEPRFTPQFLVQLNETIYTNGRRSNTTGTLIWKVNPTVDTGVGEWAFWENKKLHKNPFK
NC_014373.1	RefSeq	misc_feature	6900,6906	GP	.	.	.
NC_014373.1	RefSeq	misc_feature	7775,7852	GP	.	.	.
NC_014373.1	RefSeq	misc_feature	7970,8035	GP	.	.	.
NC_014373.1	RefSeq	gene	8269,9728	VP30	.	.	.
NC_014373.1	RefSeq	mRNA	8269,9728	VP30	VP30	.	.
NC_014373.1	RefSeq	regulatory	8269,8280	VP30	.	.	.
NC_014373.1	RefSeq	regulatory	8276,8286	GP	.	.	.
NC_014373.1	RefSeq	CDS	8496,9365	VP30	minor nucleoprotein	YP_003815438.1	MDSFHERGRSRTIRQSARDGPSHQVRTRSSSRDSHRSEYHTPRSSSQVRVPTVFHRKRTDSLTVPPAPKDICPTLRKGFLCDSNFCKKDHQLESLTDRELLLLIARKTCGSLEQQLNITAPKDTRLANPIADDFQQKDGPKITLLTLLETAEYWSKQDIKGIDDSRLRALLTLCAVMTRKFSKSQLSLLCESHLRREGLGQDQSESVLEVYQRLHSDKGGNFEAALWQQWDRQSLIMFITAFLNIALQLPCESSSVVISGLRLLVPQSEDTETSTYTETRAWSEEGGPH
NC_014373.1	RefSeq	regulatory	9717,9728	VP30	.	.	.
NC_014373.1	RefSeq	gene	9869,11504	VP24	.	.	.
NC_014373.1	RefSeq	mRNA	9869,11504	VP24	VP24	.	.
NC_014373.1	RefSeq	regulatory	9869,9880	VP24	.	.	.
NC_014373.1	RefSeq	CDS	10335,11090	VP24	membrane-associated protein	YP_003815439.1	MAKATGRYNLVSPKKDLERGLVLSDLCTFLVDQTIQGWRVTWVGIEFDIAQKGMALLHRLKTADFAPAWSMTRNLFPHLFQNSNSTIESPLWALRVILAAGIQDQLIDQSLVEPLAGALSLVSDWLLTTNTNHFQMRTQHAKEQLSLKMLSLVRSNILKFISQLDALHVVNYNGLLSSIEIGTRNHTIIITRTNMGFLVELQEPDKSAMNQKKPGPVKFSLLHESTFKALIKKPATKMQALILEFNSSLAI
NC_014373.1	RefSeq	gene	11487,18465	L	.	.	.
NC_014373.1	RefSeq	mRNA	11487,18465	L	polymerase	.	.
NC_014373.1	RefSeq	regulatory	11487,11498	L	.	.	.
NC_014373.1	RefSeq	regulatory	11494,11504	VP24	.	.	.
NC_014373.1	RefSeq	CDS	11567,18199	L	RNA-dependent RNA polymerase	YP_003815440.1	MATQHTQYPDARLSSPIVLDQCDLVTRACGLYSSYSLNPQLKNCRLPKHIYRLKFDATVTKFLSDVPIVTLPIDYLTPLLLRTLSGEGLCPVEPKCSQFLDEIVSYVLQDARFLRYYFRHVGVHDDNVGKNFEPKIKALIYDNEFLQQLFYWYDLAILTRRGRLNRGNNRSTWFANDDLIDILGYGDYIFWKIPLSLLSLNTEGIPHAAKDWYHASIFKEAVQGHTHIVSVSTADVLIMCKDIITCRFNTTLIAALANLEDSICSDYPQPETISNLYKAGDYLISILGSEGYKVIKFLEPLCLAKIQLCSNYTERKGRFLTQMHLAVNHTLEELIEGRGLKSQQDWKMREFHRILVNLKSTPQQLCELFSVQKHWGHPVLHSEKAIQKVKKHATVIKALRPVIIFETYCVFKYSIAKHYFDSQGSWYSVISDKHLTPGLHSYIKRNQFPPLPMIKDLLWEFYHLDHPPLFSTKIISDLSIFIKDRATAVEKTCWDAVFEPNVLGYSPPNKFSTKRVPEQFLEQENFSIDSVLTYAQRLDYLLPQYRNFSFSLKEKELNVGRAFGKLPYPTRNVQTLCEALLADGLAKAFPSNMMVVTEREQKESLLHQASWHHTSDDFGENATVRGSSFVTDLEKYNLAFRYEFTAPFIEYCNRCYGVKNLFNWMHYTIPQCYIHVSDYYNPPHGVSLENREDPPEGPSSYRGHLGGIEGLQQKLWTSISCAQISLVEIKTGFKLRSAVMGDNQCITVLSVFPLETDSNEQEHSSEDNAARVAASLAKVTSACGIFLKPDETFVHSGFIYFGKKQYLNGVQLPQSLKTATRIAPLSDAIFDDLQGTLASIGTAFERSISETRHVYPCRVVAAFHTFFSVRILQYHHLGFNKGTDLGQLSLSKPLDFGTITLALAVPQVLGGLSFLNPEKCFYRNLGDPVTSGLFQLRTYLQMINMDDLFLPLIAKNPGNCSAIDFVLNPSGLNVPGSQDLTSFLRQIVRRTITLSAKNKLINTLFHSSADLEDEMVCKWLLSSTPVMSRFAADIFSRTPSGKRLQILGYLEGTRTLLASKVINNNAETPILDRLRKITLQRWSLWFSYLDHCDQVLADALIKVSCTVDLAQILREYTWAHILEGRQLIGATLPCMLEQFNVFWLKSYEQCPKCAKSRNPKGEPFVSIAIKKQVVSAWPNQSRLNWTIGDGVPYIGSRTEDKIGQPAIKPKCPSAALREAIELTSRLTWVTQGGANSDLLVKPFVEARVNLSVQEILQMTPSHYSGNIVHRYNDQYSPHSFMANRMSNSATRLVVSTNTLGEFSGGGQSARDSNIIFQNVINFSVALFDLRFRNTETSSIQHNRAHLHLSQCCTREVPAQYLTYTSTLSLDLTRYRENELIYDNNPLKGGLNCNLSFDNPLFKGQRLNIIEEDLIRFPHLSGWELAKTIIQSIISDSNNSSTDPISSGETRSFTTHFLTYPKVGLLYSFGAIVSYYLGNTIIRTKKLDLSHFMYYLTTQIHNLPHRSLRILKPTFKHVSVISRLMSIDPHFSIYIGGTAGDRGLSDATRLFLRVAISSFLQFIKKWIVEYKTAIPLWVIYPLEGQNPDPINSFLHLIIALLQNESPQNNIQFQEDRNNQQLSDNLVYMCKSTASNFFHASLAYWRSRHKGRPKNRSTEEQTVKPIPYDNFHSVKCASNPPSIPKSKSGTQGSSAFFEKLEYDKERELPTASTPAEQSKTYIKALSSRIYHGKTPSNAAKDDSTTSKGCDSKEENAVQASHRIVLPFFTLSQNDYRTPSAKKSEYITEITKLIRQLKAIPDTTVYCRFTGVVSSMHYKLDEVLWEFDSFKTAVTLAEGEGSGALLLLQKYKVRTIFFNTLATEHSIEAEIVSGTTTPRMLLPVMAKLHDDQINVILNNSASQVTDITNPAWFTDQKSRIPTQVEIMTMDAETTENINRSKLYEAIQQLIVSHIDTRVLKIVIIKVFLSDIEGLLWLNDHLAPLFGSGYLIKPITSSPKSSEWYLCLSNFLSASRRRPHQGHATCMQVIQTALRLQVQRSSYWLSHLVQYADINLHLSYVNLGFPSLEKVLYHRYNLVDSRKGPLVSILYHLTHLQAEIRELVCDYNQQRQSRTQTYHFIKTTKGRITKLVNDYLKFYLVVQALKHNCLWQEELRTLPDLINVCNRFYHIRDCSCEDRFLIQTLYLTRMQDSEAKLMERLTGFLGLYPNGINA
NC_014373.1	RefSeq	regulatory	18455,18465	L	.	.	.
NC_014373.1	RefSeq	3'UTR	18466,18940	.	.	.	.
