NC_004161.1	RefSeq	5'UTR	1,55	.	.	.	.
NC_004161.1	RefSeq	gene	56,3013	NP	.	.	.
NC_004161.1	RefSeq	mRNA	56,3013	NP	nucleoprotein	.	.
NC_004161.1	RefSeq	CDS	464,2683	NP	nucleoprotein	NP_690580.1	MDRGTRRIWVSQNQGDTDLDYHKILTAGLTVQQGIVRQKIISVYLVDNLEAMCQLVIQAFEAGIDFQENADSFLLMLCLHHAYQGDYKLFLESNAVQYLEGHGFKFELRKKDGVNRLEELLPAATSGKNIRRTLAALPEEETTEANAGQFLSFASLFLPKLVVGEKACLEKVQRQIQVHAEQGLIQYPTAWQSVGHMMVIFRLMRTNFLIKYLLIHQGMHMVAGHDANDAVIANSVAQARFSGLLIVKTVLDHILQKTDQGVRLHPLARTAKVRNEVNAFKAALSSLAKHGEYAPFARLLNLSGVNNLEHGLYPQLSAIALGVATAHGSTLAGVNVGEQYQQLREAATEAEKQLQQYAESRELDSLGLDDQERRILMNFHQKKNEISFQQTNAMVTLRKERLAKLTEAITLASRPNLGSRQDDGNEIPFPGPISNNPDQDHLEDDPRDSRDTIIPNGAIDPEDGDFENYNGYHDDEVGTAGDLVLFDLDDHEDDNKAFEPQDSSPQSQREIERERLIHPPPGNNKDDNRASDNNQQSADSEEQGGQYNWHRGPERTTANRRLSPVHEEDTLMDQGDDDPSSLPPLESDDDDASSSQQDPDYTAVAPPAPVYRSAEAHEPPHKSSNEPAETSQLNEDPDIGQSKSMQKLEETYHHLLRTQGPFEAINYYHMMKDEPVIFSTDDGKEYTYPDSLEEAYPPWLTEKERLDKENRYIYINNQQFFWPVMSPRDKFLAILQHHQ
NC_004161.1	RefSeq	regulatory	3003,3013	NP	.	.	.
NC_004161.1	RefSeq	misc_feature	3014,3018	.	.	.	.
NC_004161.1	RefSeq	gene	3019,4413	VP35	.	.	.
NC_004161.1	RefSeq	mRNA	3019,4413	VP35	VP35	.	.
NC_004161.1	RefSeq	CDS	3155,4144	VP35	polymerase complex protein	NP_690581.1	MYNNKLKVCSGPETTGWISEQLMTGKIPVTDIFIDIDNKPDQMEVRLKPSSRSSTRTCTSSSQTEVNYVPLLKKVEDTLTMLVNATSRQNAAIEALENRLSTLESSLKPIQDMGKVISSLNRSCAEMVAKYDLLVMTTGRATSTAAAVDAYWKEHKQPPPGPALYEENALKGKIDDPNSYVPDAVQEAYKNLDSTSTLTEENFGKPYISAKDLKEIMYDHLPGFGTAFHQLVQVICKIGKDNNLLDTIHAEFQASLADGDSPQCALIQITKRVPIFQDVPPPIIHIRSRGDIPRACQKSLRPAPPSPKIDRGWVCLFKMQDGKTLGLKI
NC_004161.1	RefSeq	gene	4396,5893	VP40	.	.	.
NC_004161.1	RefSeq	mRNA	4396,5893	VP40	VP40	.	.
NC_004161.1	RefSeq	regulatory	4403,4413	VP35	.	.	.
NC_004161.1	RefSeq	CDS	4485,5480	VP40	matrix protein	NP_690582.1	MRRGVLPTAPPAYNDIAYPMSILPTRPSVIVNETKSDVLAVPGADVPSNSMRPVADDNIDHSSHTPSGVASAFILEATVNVISGTKVLMKQIPIWLPLGVADQKIYSFDSTTAAIMLASYTVTHFGKISNPLVRVNRLGPGIPDHPLRLLRLGNQAFLQEFVLPPVQLPQYFTFDLTALKLITQPLPAATWTDETPAGAVNALRPGLSLHPKLRPILLPGKTGKKGHASDLTSPDKIQTIMNAIPDLKIVPIDPTKNIVGIEVPELLVQRLTGKKPQPKNGQPIIPVLLPKYVGLDPISPGDLTMVITQDCDSCHSPASHPYHMDKQNSYQ
NC_004161.1	RefSeq	regulatory	5883,5893	VP40	.	.	.
NC_004161.1	RefSeq	misc_feature	5894,5900	.	.	.	.
NC_004161.1	RefSeq	gene	5901,8256	GP	.	.	.
NC_004161.1	RefSeq	mRNA	5901,8256	GP	sGP	.	.
NC_004161.1	RefSeq	CDS	6042,6930;6930,8074	GP	spike glycoprotein	NP_690583.1	MGSGYQLLQLPRERFRKTSFLVWVIILFQRAISMPLGIVTNSTLKATEIDQLVCRDKLSSTSQLKSVGLNLEGNGIATDVPSATKRWGFRSGVPPKVVSYEAGEWAENCYNLEIKKSDGSECLPLPPDGVRGFPRCRYVHKVQGTGPCPGDLAFHKNGAFFLYDRLASTVIYRGTTFAEGVVAFLILSEPKKHFWKATPAHEPVNTTDDSTSYYMTLTLSYEMSNFGGNESNTLFKVDNHTYVQLDRPHTPQFLVQLNETLRRNNRLSNSTGRLTWTLDPKIEPDVGEWAFWETKKNFSQQLHGENLHFQIPSTHTNNSSDQSPAGTVQGKISYHPPANNSELVPTDSPPVVSVLTAGRTEEMSTQGLTNGETITGFTANPMTTTIAPSPTMTSEVDNNVPSEQPNNTASIEDSPPSASNETIYHSEMDPIQGSNNSAQSPQTKTTPAPTTSPMTQDPQETANSSKPGTSPGSAAGPSQPGLTINTVSKVADSLSPTRKQKRSVRQNTANKCNPDLYYWTAVDEGAAVGLAWIPYFGPAAEGIYIEGVMHNQNGLICGLRQLANETTQALQLFLRATTELRTYSLLNRKAIDFLLQRWGGTCRILGPSCCIEPHDWTKNITDEINQIKHDFIDNPLPDHGDDLNLWTGWRQWIPAGIGIIGVIIAIIALLCICKILC
NC_004161.1	RefSeq	misc_feature	7991,8059	GP	.	.	.
NC_004161.1	RefSeq	CDS	6042,7145	GP	small secreted glycoprotein	NP_690584.1	MGSGYQLLQLPRERFRKTSFLVWVIILFQRAISMPLGIVTNSTLKATEIDQLVCRDKLSSTSQLKSVGLNLEGNGIATDVPSATKRWGFRSGVPPKVVSYEAGEWAENCYNLEIKKSDGSECLPLPPDGVRGFPRCRYVHKVQGTGPCPGDLAFHKNGAFFLYDRLASTVIYRGTTFAEGVVAFLILSEPKKHFWKATPAHEPVNTTDDSTSYYMTLTLSYEMSNFGGNESNTLFKVDNHTYVQLDRPHTPQFLVQLNETLRRNNRLSNSTGRLTWTLDPKIEPDVGEWAFWETKKTFPNNFMEKTCISKFHQPTPTTPQIRARRELSKEKLATTHPPTTPSWFQRIPLQWFQCSLQDGQRKCRPKV
NC_004161.1	RefSeq	CDS	6042,6928;6930,7038	GP	second secreted glycoprotein	YP_009246340.1	MGSGYQLLQLPRERFRKTSFLVWVIILFQRAISMPLGIVTNSTLKATEIDQLVCRDKLSSTSQLKSVGLNLEGNGIATDVPSATKRWGFRSGVPPKVVSYEAGEWAENCYNLEIKKSDGSECLPLPPDGVRGFPRCRYVHKVQGTGPCPGDLAFHKNGAFFLYDRLASTVIYRGTTFAEGVVAFLILSEPKKHFWKATPAHEPVNTTDDSTSYYMTLTLSYEMSNFGGNESNTLFKVDNHTYVQLDRPHTPQFLVQLNETLRRNNRLSNSTGRLTWTLDPKIEPDVGEWAFWETKKLFPTTSWRKLAFPNSINPHQQLLRSEPGGNCPRKN
NC_004161.1	RefSeq	misc_feature	6924,6930	GP	.	.	.
NC_004161.1	RefSeq	misc_feature	7796,7873	GP	.	.	.
NC_004161.1	RefSeq	regulatory	8246,8256	GP	.	.	.
NC_004161.1	RefSeq	misc_feature	8257,8261	.	.	.	.
NC_004161.1	RefSeq	gene	8262,9701	VP30	.	.	.
NC_004161.1	RefSeq	mRNA	8262,9701	VP30	VP30	.	.
NC_004161.1	RefSeq	CDS	8490,9353	VP30	minor nucleoprotein	NP_690585.1	MEHSRERGRSSNMRHNSREPYENPSRSRSLSRDPNQVDRRQPRSASQIRVPNLFHRKKTDALIVPPAPKDICPTLKKGFLCDSKFCKKDHQLDSLNDHELLLLIARRTCGIIESNSQITSPKDMRLANPTAEDFSQGNSPKLTLAVLLQIAEHWATRDLRQIEDSKLRALLTLCAVLTRKFSKSQLGLLCETHLRHEGLGQDQADSVLEVYQRLHSDKGGNFEAALWQQWDRQSLIMFISAFLNIALQIPCESSSVVVSGLATLYPAQDNSTPSEATNDTTWSSTVE
NC_004161.1	RefSeq	regulatory	9690,9701	VP30	.	.	.
NC_004161.1	RefSeq	misc_feature	9702,9831	.	.	.	.
NC_004161.1	RefSeq	gene	9832,11481	VP24	.	.	.
NC_004161.1	RefSeq	mRNA	9832,11481	VP24	VP24	.	.
NC_004161.1	RefSeq	CDS	10303,11058	VP24	membrane-associated protein	NP_690586.1	MAKATGRYNLVPPKKDMEKGVIFSDLCNFLITQTLQGWKVYWAGIEFDVSQKGMALLTRLKTNDFAPAWAMTRNLFPHLFQNPNSVIQSPIWALRVILAAGLQDQLLDHSLVEPLTGALGLISDWLLTTTSTHFNLRTRSVKDQLSLRMLSLIRSNILQFINKLDALHVVNYNGLLSSIEIGTSTHTIIITRTNMGFLVEVQEPDKSAMNSKRPGPVKFSLLHESAFKPFTRVPQSGMQSLIMEFNSLLAI
NC_004161.1	RefSeq	gene	11464,18866	L	.	.	.
NC_004161.1	RefSeq	mRNA	11464,18866	L	polymerase	.	.
NC_004161.1	RefSeq	regulatory	11471,11481	VP24	.	.	.
NC_004161.1	RefSeq	CDS	11550,18188	L	RNA-dependent RNA polymerase	NP_690587.1	MATQHTQYPDARLSSPIVLDQCDLVTRACGLYSSYSLNPQLRQCKLPKHIYRLKFDTIVSKFLSDTPVATLPIDYLVPILLRSLTGHGDRPLTPTCNQFLDEIINYTLHDAAFLDYYLKATGAQDHLTNIATREKLKNEILNNDYVHQLFFWHDLSILARRGRLNRGNNRSTWFVHDEFIDILGYGDYIFWKIPLSLLPVTIDGVPHAATDWYQPTLFKESILGHSQILSVSTAEILIMCKDIITCRFNTSLIASIAKLEDVDVSDYPDPSDILKIYNAGDYVISILGSEGYKIIKYLEPLCLAKIQLCSKFTERKGRFLTQMHLSVINDLRELISNRRLKDYQQEKIRDFHKILLQLQLSPQQFCELFSVQKHWGHPILHSEKAIQKVKRHATILKALRPNVIFETYCVFKYNIAKHYFDSQGTWYSVISDRNLTPGLNSFIKRNHFPSLPMIKDLLWEFYHLNHPPLFSTKVISDLSIFIKDRATAVEQTCWDAVFEPNVLGYNPPNKFSTKRVPEQFLEQEDFSIESVLNYAQELHYLLPQNRNFSFSLKEKELNIGRTFGKLPYLTRNVQTLCEALLADGLAKAFPSNMMVVTEREQKESLLHQASWHHTSDDFGENATVRGSSFVTDLEKYNLAFRYEFTAPFIEYCNHCYGVRNVFNWMHYLIPQCYMHVSDYYNPPHNVNLSNREYPPEGPSSYRGHLGGIEGLQQKLWTSISCAQISLVEIKTGFKLRSAVMGDNQCITVLSVFPLKTDPEEQEQSAEDNAARVAASLAKVTSACGIFLKPDETFVHSGFIYFGKKQYLNGVQLPQSLKTAARMAPLSDAIFDDLQGTLASIGTAFERAISETRHILPCRIVAAFHTYFAVRILQYHHLGFNKGIDLGQLSLSKPLDYGTITLTLAVPQVLGGLSFLNPEKCFYRNFGDPVTSGLFQLRVYLEMVNMKDLFCPLISKNPGNCSAIDFVLNPSGLNVPGSQDLTSFLRQIVRRSITLTARNKLINTLFHASADLEDEMVCKWLLSSNPVMSRFAADIFSRTPSGKRLQILGYLEGTRTLLASKIINNNSETPVLDKLRKITLQRWNLWFSYLDHCDQLLADALQKISCTVDLAQILREYTWSHILEGRSLIGATLPCMVEQFKVKWLGQYEPCPECLNKKGSNAYVSVAVKDQVVSAWPNTSRISWTIGSGVPYIGSRTEDKIGQPAIKPRCPSSALKEAIELASRLTWVTQGGSNSEQLIRPFLEARVNLSVSEVLQMTPSHYSGNIVHRYNDQYSPHSFMANRMSNTATRLIVSTNTLGEFSGGGQAARDSNIIFQNVINLAVALYDIRFRNTNTSDIRHNRAHLHLTECCTKEVPAQYLTYTSALNLDLSRYRDNELIYDSNPLKGGLNCNLTIDSPLVKGPRLNMIEDDLLRFPHLSGWELAKTVVQSIISDNSNSSTDPISSGETRSFTTHFLTYPQIGLLYSFGAVLCFYLGNTILWTKKLDYEQFLYYLHNQLHNLPHRALRVFKPTFKHASVMSRLMEIDSNFSIYIGGTSGDRGLSDAARLFLRTAIASFLQFLKSWIIDRQKTIPLWIVYPLEGQQPESINEFLHKILGLLKQGPKSIPKEVSIQNDGHLDLAENNYVYNSKSTASNFFHASLAYWRSRKSRKTQDHNDFSRGDGTLTEPVRKFSSNHQSDEKYYNVTCGKSPKPQERKDFSQYRLSNNGQTMSNHRKKGKFHKWNPCKMLMESQRGTVLTEGDYFQNNTPPTDDVSSPHRLILPFFKLGNHNHAHDQDAQELMNQNIKQYLHQLRSMLDTTIYCRFTGIVSSMHYKLDEVLLEYNSFDSAITLAEGEGSGALLLLQKYSTRLLFLNTLATEHSIESEVVSGFSTPRMLLPIMQKVHEGQVTVILNNSASQITDITSSMWLSNQKYNLPCQVEIIMMDAETTENLNRSQLYRAVYNLILDHIDPQYLKVVVLKVFLSDIEGILWINDYLAPLFGAGYLIKPITSSARSSEWYLCLSNLISTNRRSAHQTHKACLGVIRDALQAQVQRGVYWLSHIAQYATKNLHCEYIGLGFPSLEKVLYHRYNLVDTGLGPLSSVIRHLTNLQAEIRDLVLDYNLMRESRTQTYHFIKTAKGRITKLVNDFLKFSLIVQALKNNSSWYTELKKLPEVINVCNRFYHTHNCECQEKFFVQTLYLQRLRDAEIKLIERLTGLMRFYPEGLIYSNHT
NC_004161.1	RefSeq	regulatory	18856,18866	L	.	.	.
NC_004161.1	RefSeq	5'UTR	18867,18891	.	.	.	.
