NC_006432.1	RefSeq	5'UTR	1,55	.	.	.	.
NC_006432.1	RefSeq	mRNA	56,3007	NP	nucleoprotein	.	.
NC_006432.1	RefSeq	regulatory	56,67	NP	.	.	.
NC_006432.1	RefSeq	CDS	458,2674	NP	nucleoprotein	YP_138520.1	MDKRVRGSWALGGQSEVDLDYHKILTAGLSVQQGIVRQRVIPVYVVSDLEGICQHIIQAFEAGVDFQDNADSFLLLLCLHHAYQGDHRLFLKSDAVQYLEGHGFRFEVREKENVHRLDELLPNVTGGKNLRRTLAAMPEEETTEANAGQFLSFASLFLPKLVVGEKACLEKVQRQIQVHAEQGLIQYPTSWQSVGHMMVIFRLMRTNFLIKFLLIHQGMHMVAGHDANDTVISNSVAQARFSGLLIVKTVLDHILQKTDLGVRLHPLARTAKVKNEVSSFKAALGSLAKHGEYAPFARLLNLSGVNNLEHGLYPQLSAIALGVATAHGSTLAGVNVGEQYQQLREAATEAEKQLQQYAETRELDNLGLDEQEKKILMSFHQKKNEISFQQTNAMVTLRKERLAKLTEAITTASKIKVGDRYPDDNDIPFPGPIYDETHPNPSDDNPDDSRDTTIPGGVVDPYDDESNNYPDYEDSAEGTTGDLDLFNLDDDDDDSQPGPPDRGQSKERAARTHGLQDPTLDGAKKVPELTPGSHQPGNLHITKPGSNTNQPQGNMSSTLQSMTPIQEESEPDDQKDDDDESLTSLDSEGDEDVESVSGENNPTVAPPAPVYKDTGVDTNQQNGPSNAVDGQGSESEALPINPEKGSALEETYYHLLKTQGPFEAINYYHLMSDEPIAFSTESGKEYIFPDSLEEAYPPWLSEKEALEKENRYLVIDGQQFLWPVMSLQDKFLAVLQHD
NC_006432.1	RefSeq	regulatory	2496,3007	NP	.	.	.
NC_006432.1	RefSeq	mRNA	3013,4382	VP35	VP35	.	.
NC_006432.1	RefSeq	regulatory	3013,3024	VP35	.	.	.
NC_006432.1	RefSeq	CDS	3138,4127	VP35	polymerase complex protein	YP_138521.1	MQQDRTYRHHGPEVSGWFSEQLMTGKIPLTEVFVDVENKPSPAPITIISKNPKTTRKSDKQVQTDDASSLLTEEVKAAINSVISAVRRQTNAIESLEGRVTTLEASLKPVQDMAKTISSLNRSCAEMVAKYDLLVMTTGRATATAAATEAYWNEHGQAPPGPSLYEDDAIKAKLKDPNGKVPESVKQAYINLDSTSALNEENFGRPYISAKDLKEIIYDHLPGFGTAFHQLVQVICKIGKDNNILDIIHAEFQASLAEGDSPQCALIQITKRIPAFQDASPPIVHIKSRGDIPKACQKSLRPVPPSPKIDRGWVCIFQFQDGKALGLKI
NC_006432.1	RefSeq	mRNA	4365,5875	VP40	VP40	.	.
NC_006432.1	RefSeq	regulatory	4365,4376	VP40	.	.	.
NC_006432.1	RefSeq	regulatory	4372,4382	VP35	.	.	.
NC_006432.1	RefSeq	CDS	4454,5434	VP40	matrix protein	YP_138522.1	MRRVTVPTAPPAYADIGYPMSMLPIKSSRAVSGIQQKQEVLPGMDTPSNSMRPVADDNIDHTSHTPNGVASAFILEATVNVISGPKVLMKQIPIWLPLGIADQKTYSFDSTTAAIMLASYTITHFGKANNPLVRVNRLGQGIPDHPLRLLRMGNQAFLQEFVLPPVQLPQYFTFDLTALKLVTQPLPAATWTDETPSNLSGALRPGLSFHPKLRPVLLPGKTGKKGHVSDLTAPDKIQTIVNLMQDFKIVPIDPAKSIIGIEVPELLVHKLTGKKMSQKNGQPIIPVLLPKYIGLDPISPGDLTMVITPDYDDCHSPASCSYLSEK
NC_006432.1	RefSeq	regulatory	5864,5875	VP40	.	.	.
NC_006432.1	RefSeq	mRNA	5883,8241	GP	sGP	.	.
NC_006432.1	RefSeq	CDS	5998,6882;6882,8027	GP	spike glycoprotein	YP_138523.1	MGGLSLLQLPRDKFRKSSFFVWVIILFQKAFSMPLGVVTNSTLEVTEIDQLVCKDHLASTDQLKSVGLNLEGSGVSTDIPSATKRWGFRSGVPPKVVSYEAGEWAENCYNLEIKKPDGSECLPPPPDGVRGFPRCRYVHKAQGTGPCPGDYAFHKDGAFFLYDRLASTVIYRGVNFAEGVIAFLILAKPKETFLQSPPIREAVNYTENTSSYYATSYLEYEIENFGAQHSTTLFKIDNNTFVRLDRPHTPQFLFQLNDTIHLHQQLSNTTGRLIWTLDANINADIGEWAFWENKKNLSEQLRGEELSFEALSLNETEDDDAASSRITKGRISDRATRKYSDLVPKNSPGMVPLHIPEGETTLPSQNSTEGRRVGVNTQETITETAATIIGTNGNHMQISTIGIRPSSSQIPSSSPTTAPSPEAQTPTTHTSGPSVMATEEPTTPPGSSPGPTTEAPTLTTPENITTAVKTVLPQESTSNGLITSTVTGILGSLGLRKRSRRQTNTKATGKCNPNLHYWTAQEQHNAAGIAWIPYFGPGAEGIYTEGLMHNQNALVCGLRQLANETTQALQLFLRATTELRTYTILNRKAIDFLLRRWGGTCRILGPDCCIEPHDWTKNITDKINQIIHDFIDNPLPNQDNDDNWWTGWRQWIPAGIGITGIIIAIIALLCVCKLLC
NC_006432.1	RefSeq	CDS	5998,7116	GP	small secreted glycoprotein	YP_138524.1	MGGLSLLQLPRDKFRKSSFFVWVIILFQKAFSMPLGVVTNSTLEVTEIDQLVCKDHLASTDQLKSVGLNLEGSGVSTDIPSATKRWGFRSGVPPKVVSYEAGEWAENCYNLEIKKPDGSECLPPPPDGVRGFPRCRYVHKAQGTGPCPGDYAFHKDGAFFLYDRLASTVIYRGVNFAEGVIAFLILAKPKETFLQSPPIREAVNYTENTSSYYATSYLEYEIENFGAQHSTTLFKIDNNTFVRLDRPHTPQFLFQLNDTIHLHQQLSNTTGRLIWTLDANINADIGEWAFWENKKISPNNYVEKSCLSKLYRSTRQKTMMRHRRELQREESPTGPPGSIRTWFQRIPLGWFHCTYQKGKQHCRLRIRQKVEE
NC_006432.1	RefSeq	CDS	5998,6881;6883,6955	GP	second secreted glycoprotein	YP_009246341.1	MGGLSLLQLPRDKFRKSSFFVWVIILFQKAFSMPLGVVTNSTLEVTEIDQLVCKDHLASTDQLKSVGLNLEGSGVSTDIPSATKRWGFRSGVPPKVVSYEAGEWAENCYNLEIKKPDGSECLPPPPDGVRGFPRCRYVHKAQGTGPCPGDYAFHKDGAFFLYDRLASTVIYRGVNFAEGVIAFLILAKPKETFLQSPPIREAVNYTENTSSYYATSYLEYEIENFGAQHSTTLFKIDNNTFVRLDRPHTPQFLFQLNDTIHLHQQLSNTTGRLIWTLDANINADIGEWAFWENKKSLRTTTWRRAVFRSFIAQRDRRR
NC_006432.1	RefSeq	misc_feature	6877,6883	GP	.	.	.
NC_006432.1	RefSeq	mRNA	8224,9697	VP30	VP30	.	.
NC_006432.1	RefSeq	regulatory	8224,8235	VP30	.	.	.
NC_006432.1	RefSeq	regulatory	8231,8241	GP	.	.	.
NC_006432.1	RefSeq	CDS	8441,9307	VP30	minor nucleoprotein	YP_138525.1	MERGRERGRSRNSRADQQNSTGPQFRTRSISRDKTTTDYRSSRSTSQVRVPTVFHKKGTGTLTVPPAPKDVCPTLRKGFLCDSNFCKKDHQLESLTDRELLLLIARKTCGSTDSSLNIAAPKDLRLANPTADDFKQDGSPKLTLKLLVETAEFWANQNINEVDDAKLRALLTLSAVLVRKFSKSQLSQLCESHLRRENLGQDQAESVLEVYQRLHSDKGGAFEAALWQQWDRQSLTMFISAFLHVALQLSCESSTVVISGLRLLAPPSVNEGLPPAPGEYTWSEDSTT
NC_006432.1	RefSeq	regulatory	9686,9697	VP30	.	.	.
NC_006432.1	RefSeq	mRNA	9826,11474	VP24	VP24	.	.
NC_006432.1	RefSeq	regulatory	9826,9837	VP24	.	.	.
NC_006432.1	RefSeq	CDS	10299,11054	VP24	membrane-associated protein	YP_138526.1	MAKATGRYNLVTPKRELEQGVVFSDLCNFLVTPTVQGWKVYWAGLEFDVNQKGITLLNRLKVNDFAPAWAMTRNLFPHLFKNQQSEVQTPIWALRVILAAGILDQLMDHSLIEPLSGALNLIADWLLTTSTNHFNMRTQRVKDQLSMRMLSLIRSNIINFINKLETLHVVNYKGLLSSVEIGTPSYAIIITRTNMGYLVEVQEPDKSAMDIRHPGPVKFSLLHESTLKPVATPKPSSITSLIMEFNSSLAI
NC_006432.1	RefSeq	mRNA	11457,18494	L	polymerase	.	.
NC_006432.1	RefSeq	regulatory	11457,11468	L	.	.	.
NC_006432.1	RefSeq	regulatory	11464,11474	VP24	.	.	.
NC_006432.1	RefSeq	CDS	11535,18167	L	RNA-dependent RNA polymerase	YP_138527.1	MMATQHTQYPDARLSSPIVLDQCDLVTRACGLYSEYSLNPKLKTCRLPKHIYRLKYDTIVLRFISDVPVATIPIDYIAPMLINVLADSKNVPLEPPCLSFLDEIVNYTVQDAAFLNYYMNQIKTQEGVITDQLKQNIRRVIHKNRYLSALFFWHDLAILTRRGRMNRGNVRSTWFVTNEVVDILGYGDYIFWKIPIALLPMNTANVPHASTDWYQPNIFKEAIQGHTHIISVSTAEVLIMCKDLVTSRFNTLLIAELARLEDPVSADYPLVDNIQSLYNAGDYLLSILGSEGYKIIKYLEPLCLAKIQLCSQYTERKGRFLTQMHLAVIQTLRELLLNRGLKKSQLSKIREFHQLLLRLRSTPQQLCELFSIQKHWGHPVLHSEKAIQKVKNHATVLKALRPIIIFETYCVFKYSVAKHFFDSQGTWYSVISDRCLTPGLNSYIRRNQFPPLPMIKDLLWEFYHLDHPPLFSTKIISDLSIFIKDRATAVEQTCWDAVFEPNVLGYSPPYRFNTKRVPEQFLEQEDFSIESVLQYAQELRYLLPQNRNFSFSLKEKELNVGRTFGKLPYLTRNVQTLCEALLADGLAKAFPSNMMVVTEREQKESLLHQASWHHTSDDFGEHATVRGSSFVTDLEKYNLAFRYEFTAPFIKYCNQCYGVRNVFDWMHFLIPQCYMHVSDYYNPPHNVTLENREYPPEGPSAYRGHLGGIEGLQQKLWTSISCAQISLVEIKTGFKLRSAVMGDNQCITVLSVFPLESSPNEQERCAEDNAARVAASLAKVTSACGIFLKPDETFVHSGFIYFGKKQYLNGIQLPQSLKTAARMAPLSDAIFDDLQGTLASIGTAFERSISETRHILPCRVAAAFHTYFSVRILQHHHLGFHKGSDLGQLAINKPLDFGTIALSLAVPQVLGGLSFLNPEKCLYRNLGDPVTSGLFQLKHYLSMVGMSDIFHALIAKSPGNCSAIDFVLNPGGLNVPGSQDLTSFLRQIVRRSITLSARNKLINTLFHASADLEDELVCKWLLSSTPVMSRFAADIFSRTPSGKRLQILGYLEGTRTLLASKMISNNAETPILERLRKITLQRWNLWFSYLDHCDPALMEAIQPIKCTVDIAQILREYSWAHILDGRQLIGATLPCIPEQFQTTWLKPYEQCVECSSTNNSSPYVSVALKRNVVSAWPDASRLGWTIGDGIPYIGSRTEDKIGQPAIKPRCPSAALREAIELTSRLTWVTQGSANSDQLIRPFLEARVNLSVQEILQMTPSHYSGNIVHRYNDQYSPHSFMANRMSNTATRLMVSTNTLGEFSGGGQAARDSNIIFQNVINFAVALYDIRFRNTCTSSIQYHRAHIHLTNCCTREVPAQYLTYTTTLNLDLSKYRNNELIYDSDPLRGGLNCNLSIDSPLMKGPRLNIIEDDLIRLPHLSGWELAKTVLQSIISDSSNSSTDPISSGETRSFTTHFLTYPKIGLLYSFGALISFYLGNTILCTKKIGLTEFLYYLQNQIHNLSHRSLRIFKPTFRHSSVMSRLMDIDPNFSIYIGGTAGDRGLSDAARLFLRIAISTFLSFVEEWVIFRKANIPLWVIYPLEGQRSDPPGEFLNRVKSLIVGTEDDKNKGSILSRSGEKCSSNLVYNCKSTASNFFHASLAYWRGRHRPKKTIGATNATTAPHIILPLGNSDRPPGLDLNRNNDTFIPTRIKQIVQGDSRNDRTTTTRFPPKSRSTPTSATEPPTKMYEGSTTHQGKLTDTHLDEDHNAKEFPSNPHRLVVPFFKLTKDGEYSIEPSPEESRSNIKGLLQHLRTMVDTTIYCRFTGIVSSMHYKLDEVLWEYNKFESAVTLAEGEGSGALLLIQKYGVKKLFLNTLATEHSIESEVISGYTTPRMLLPIMPKTHRGELEVILNNSASQITDITHRDWFSNQKNRIPNDADIITMDAETTENLDRSRLYEAVYTIICNHINPKTLKVVILKVFLSDLDGMCWINNYLAPMFGSGYLIKPITSSAKSSEWYLCLSNLLSTLRTTQHQTQANCLHVVQCALQQQVQRGSYWLSHLTKYTTSRLHNSYIAFGFPSLEKVLYHRYNLVDSRNGPLVSITRHLALLQTEIRELVTDYNQLRQSRTQTYHFIKTSKGRITKLVNDYLRFELVIRALKNNSTWHHELYLLPELIGVCHRFNHTRNCTCSERFLVQTLYLHRMSDAEIKLMDRLTSLVNMFPEGFRSSSV
NC_006432.1	RefSeq	regulatory	18483,18494	L	.	.	.
NC_006432.1	RefSeq	5'UTR	18495,18875	.	.	.	.
