NC_014372.1	RefSeq	5'UTR	1,55	.	.	.	.
NC_014372.1	RefSeq	mRNA	56,3020	NP	nucleoprotein	.	.
NC_014372.1	RefSeq	regulatory	56,67	NP	.	.	.
NC_014372.1	RefSeq	CDS	464,2683	NP	nucleoprotein	YP_003815423.1	MESRAHKAWMTHTASGFETDYHKILTAGLSVQQGIVRQRVIQVHQVTNLEEICQLIIQAFEAGVDFQESADSFLLMLCLHHAYQGDYKQFLESNAVKYLEGHGFRFEVRKKEGVKRLEELLPAASSGKSIRRTLAAMPEEETTEANAGQFLSFASLFLPKLVVGEKACLEKVQRQIQVHSEQGLIQYPTAWQSVGHMMVIFRLMRTNFLIKFLLIHQGMHMVAGHDANDAVIANSVAQARFSGLLIVKTVLDHILQKTEHGVRLHPLARTAKVKNEVNSFKAALSSLAQHGEYAPFARLLNLSGVNNLEHGLFPQLSAIALGVATAHGSTLAGVNVGEQYQQLREAATEAEKQLQKYAESRELDHLGLDDQEKKILKDFHQKKNEISFQQTTAMVTLRKERLAKLTEAITSTSLLKTGKQYDDDNDIPFPGPINDNENSEQQDDDPTDSQDTTIPDIIVDPDDGRYNNYGDYPSETANAPEDLVLFDLEDGDEDDHRPSSSSENNNKHSLTGTDSNKTSNWNRNPTNMPKKDSTQNNDNPAQRAQEYARDNIQDTPTPHRALTPISEETGSNGHNEDDIDSIPPLESDEENNTETTITTTKNTTAPPAPVYRSNSEKEPLPQEKSQKQPNQVSGSENTDNKPHSEQSVEEMYRHILQTQGPFDAILYYYMMTEEPIVFSTSDGKEYVYPDSLEGEHPPWLSEKEALNEDNRFITMDDQQFYWPVMNHRNKFMAILQHHK
NC_014372.1	RefSeq	regulatory	3009,3020	NP	.	.	.
NC_014372.1	RefSeq	mRNA	3026,4395	VP35	VP35	.	.
NC_014372.1	RefSeq	regulatory	3026,3037	VP35	.	.	.
NC_014372.1	RefSeq	CDS	3114,4139	VP35	polymerase complex protein	YP_003815424.1	MISTRAAAINDPSLPIRNQCTRGPELSGWISEQLMTGKIPVHEIFNDTEPHISSGSDCLPRPKNTAPRTRNTQTQTDPVCNHNFEDVTQALTSLTNVIQKQALNLESLEQRIIDLENGLKPMYDMAKVISALNRSCAEMVAKYDLLVMTTGRATATAAATEAYWEEHGQPPPGPSLYEESAIRGKINKQEDKVPKEVQEAFRNLDSTSSLTEENFGKPDISAKDLRDIMYDHLPGFGTAFHQLVQVICKLGKDNSALDIIHAEFQASLAEGDSPQCALIQITKRIPIFQDATPPTIHIRSRGDIPRACQKSLRPVPPSPKIDRGWVCIFQLQDGKTLGLKI
NC_014372.1	RefSeq	mRNA	4378,5881	VP40	VP40	.	.
NC_014372.1	RefSeq	regulatory	4378,4389	VP40	.	.	.
NC_014372.1	RefSeq	regulatory	4385,4395	VP35	.	.	.
NC_014372.1	RefSeq	CDS	4467,5447	VP40	matrix protein	YP_003815425.1	MRRIILPTAPPEYMEAVYPMRTMNSGADNTASGPNYTTTGVMTNDTPSNSLRPVADDNIDHPSHTPNSVASAFILEAMVNVISGPKVLMKQIPIWLPLGVSDQKTYSFDSTTAAIMLASYTITHFGKTSNPLVRINRLGPGIPDHPLRLLRIGNQAFLQEFVLPPVQLPQYFTFDLTALKLITQPLPAATWTDETPAVSTGTLRPGISFHPKLRPILLPGRAGKKGSNSDLTSPDKIQAIMNFLQDLKIVPIDPTKNIMGIEVPELLVHRLTGKKTTTKNGQPIIPILLPKYIGLDPLSQGDLTMVITQDCDSCHSPASLPPVNEK
NC_014372.1	RefSeq	regulatory	5871,5881	VP40	.	.	.
NC_014372.1	RefSeq	mRNA	5888,8293	GP	sGP	.	.
NC_014372.1	RefSeq	regulatory	5888,5899	GP	.	.	.
NC_014372.1	RefSeq	CDS	6027,6911;6911,8056	GP	spike glycoprotein	YP_003815426.1	MGASGILQLPRERFRKTSFFVWVIILFHKVFSIPLGVVHNNTLQVSDIDKFVCRDKLSSTSQLKSVGLNLEGNGVATDVPTATKRWGFRAGVPPKVVNCEAGEWAENCYNLAIKKVDGSECLPEAPEGVRDFPRCRYVHKVSGTGPCPGGLAFHKEGAFFLYDRLASTIIYRGTTFAEGVIAFLILPKARKDFFQSPPLHEPANMTTDPSSYYHTTTINYVVDNFGTNTTEFLFQVDHLTYVQLEARFTPQFLVLLNETIYSDNRRSNTTGKLIWKINPTVDTSMGEWAFWENKKNFTKTLSSEELSFVPVPETQNQVLDTTATVSPPISAHNHAAEDHKELVSEDSTPVVQMQNIKGKDTMPTTVTGVPTTTPSPFPINARNTDHTKSFIGLEGPQEDHSTTQPAKTTSQPTNSTESTTLNPTSEPSSRGTGPSSPTVPNTTESHAELGKTTPTTLPEQHTAASAIPRAVHPDELSGPGFLTNTIRGVTNLLTGSRRKRRDVTPNTQPKCNPNLHYWTALDEGAAIGLAWIPYFGPAAEGIYTEGIMENQNGLICGLRQLANETTQALQLFLRATTELRTFSILNRKAIDFLLQRWGGTCHILGPDCCIEPQDWTKNITDKIDQIIHDFVDNNLPNQNDGSNWWTGWKQWVPAGIGITGVIIAIIALLCICKFML
NC_014372.1	RefSeq	CDS	6027,7124	GP	small secreted glycoprotein	YP_003815427.1	MGASGILQLPRERFRKTSFFVWVIILFHKVFSIPLGVVHNNTLQVSDIDKFVCRDKLSSTSQLKSVGLNLEGNGVATDVPTATKRWGFRAGVPPKVVNCEAGEWAENCYNLAIKKVDGSECLPEAPEGVRDFPRCRYVHKVSGTGPCPGGLAFHKEGAFFLYDRLASTIIYRGTTFAEGVIAFLILPKARKDFFQSPPLHEPANMTTDPSSYYHTTTINYVVDNFGTNTTEFLFQVDHLTYVQLEARFTPQFLVLLNETIYSDNRRSNTTGKLIWKINPTVDTSMGEWAFWENKKTSQKPFQVKSCLSYLYQKPRTRSLTRQRRSLLPSPPTTTQPKTTKNWFQRIPLQWFRCKTSRERTQCQPQ
NC_014372.1	RefSeq	CDS	6027,6911;6913,6936	GP	second secreted glycoprotein	YP_003815428.1	MGASGILQLPRERFRKTSFFVWVIILFHKVFSIPLGVVHNNTLQVSDIDKFVCRDKLSSTSQLKSVGLNLEGNGVATDVPTATKRWGFRAGVPPKVVNCEAGEWAENCYNLAIKKVDGSECLPEAPEGVRDFPRCRYVHKVSGTGPCPGGLAFHKEGAFFLYDRLASTIIYRGTTFAEGVIAFLILPKARKDFFQSPPLHEPANMTTDPSSYYHTTTINYVVDNFGTNTTEFLFQVDHLTYVQLEARFTPQFLVLLNETIYSDNRRSNTTGKLIWKINPTVDTSMGEWAFWENKKLHKNPFK
NC_014372.1	RefSeq	misc_feature	6906,6912	GP	.	.	.
NC_014372.1	RefSeq	misc_feature	7781,7858	GP	.	.	.
NC_014372.1	RefSeq	misc_feature	7976,8041	GP	.	.	.
NC_014372.1	RefSeq	mRNA	8276,9733	VP30	VP30	.	.
NC_014372.1	RefSeq	regulatory	8276,8287	VP30	.	.	.
NC_014372.1	RefSeq	regulatory	8283,8293	GP	.	.	.
NC_014372.1	RefSeq	CDS	8503,9372	VP30	minor nucleoprotein	YP_003815429.1	MEVVHERGRSRISRQNTRDGPSHLVRARSSSRASYRSEYHTPRSASQIRVPTVFHRKKTDLLTVPPAPKDVCPTLKKGFLCDSNFCKKDHQLESLTDRELLLLIARKTCGSTEQQLSIVAPKDSRLANPIAEDFQQKDGPKVTLSMLIETAEYWSKQDIKNIDDSRLRALLTLCAVMTRKFSKSQLSLLCESHLRREGLGQDQSESVLEVYQRLHSDKGGNFEAALWQQWDRQSLIMFITAFLNIALQLPCESSSVVISGLRMLIPQSEATEVVTPSETCTWSEGGSSH
NC_014372.1	RefSeq	regulatory	9723,9733	VP30	.	.	.
NC_014372.1	RefSeq	mRNA	9873,11503	VP24	VP24	.	.
NC_014372.1	RefSeq	regulatory	9873,9884	VP24	.	.	.
NC_014372.1	RefSeq	CDS	10339,11094	VP24	membrane-associated protein	YP_003815430.1	MAKATGRYNLISPKKDLEKGLVLNDLCTLSVAQTVQGWKVTWAGIEFDVTQKGMALLHRLKTSDFAPAWSMTRNLFPHLFQNPNSTIESPLWALRVILAAGIQDQLIDQSLIEPLAGALGLIADWLLTTGTNHFQMRTQQAKEQLSLKMLSLVRSNILKFINQLDALHVVNYNGLLSSIEIGTKSHTIIITRTNMGFLVELQEPDKSAMNTRKPGPVKFSLLHESTLKTLAKKPATQMQALILEFNSSLAI
NC_014372.1	RefSeq	mRNA	11486,18461	L	polymerase	.	.
NC_014372.1	RefSeq	regulatory	11486,11497	L	.	.	.
NC_014372.1	RefSeq	regulatory	11493,11503	VP24	.	.	.
NC_014372.1	RefSeq	CDS	11566,18198	L	RNA-dependent RNA polymerase	YP_003815431.1	MATQHTQYPDARLSSPIVLDQCDLVTRACGLYSAYSLNPQLKNCRLPKHIYRLKYDTTVTEFLSDVPVATLPADFLVPTFLRTLSGNGSCPIDPKCSQFLEEIVNYTLQDIRFLNYYLNRAGVHNDHVDRDFGQKIRNLICDNEVLHQMFHWYDLAILARRGRLNRGNNRSTWFASDNLVDILGYGDYIFWKIPLSLLPVDTQGLPHAAKDWYHESVFKEAIQGHTHIVSISTADVLIMCKDIITCRFNTLLIAAVANLEDSVHSDYPLPETVSDLYKAGDYLISLLGSEGYKVIKFLEPLCLAKIQLCSNYTERKGRFLTQMHLAVNHTLEELTGSRELRPQQIRKVREFHQMLINLKATPQQLCELFSVQKHWGHPVLHSEKAIQKVKKHATVIKALRPIIIFETYCVFKYSIAKHYFDSQGTWYSVTSDRCLTPGLSSYIKRNQFPPLPMIKELLWEFYHLDHPPLFSTKVISDLSIFIKDRATAVEKTCWDAVFEPNVLGYNPPNKFATKRVPEQFLEQENFSIESVLHYAQRLEYLLPEYRNFSFSLKEKELNIGRAFGKLPYPTRNVQTLCEALLADGLAKAFPSNMMVVTEREQKESLLHQASWHHTSDDFGENATVRGSSFVTDLEKYNLAFRYEFTAPFIEYCNRCYGVRNLFNWMHYTIPQCYIHVSDYYNPPHGVSLENRENPPEGPSSYRGHLGGIEGLQQKLWTSISCAQISLVEIKTGFKLRSAVMGDNQCITVLSVFPLETESSEQELSSEDNAARVAASLAKVTSACGIFLKPDETFVHSGFIYFGKKQYLNGVQLPQSLKTATRIAPLSDAIFDDLQGTLASIGTAFERSISETRHVVPCRVAAAFHTFFSVRILQYHHLGFNKGTDLGQLSLSKPLDFGTITLALAVPQVLGGLSFLNPEKCFYRNLGDPVTSGLFQLKTYLQMIHMDDLFLPLIAKNPGNCSAIDFVLNPSGLNVPGSQDLTSFLRQIVRRTITLSAKNKLINTLFHSSADLEDEMVCKWLLSSTPVMSRFAADIFSRTPSGKRLQILGYLEGTRTLLASKIINHNTETPILDRLRKITLQRWSLWFSYLDHCDQVLADALTQITCTVDLAQILREYTWAHILEGRQLIGATLPCILEQLNVIWLKPYEHCPKCAKSANPKGEPFVSIAIKKHVVSAWPDQSRLSWTIGDGIPYIGSRTEDKIGQPAIKPKCPSAALREAIELTSRLTWVTQGGANSDLLVKPFIEARVNLSVQEILQMTPSHYSGNIVHRYNDQYSPHSFMANRMSNSATRLVVSTNTLGEFSGGGQSARDSNIIFQNVINFAVALFDLRFRNVATSSIQHHRAHLHLSKCCTREVPAQYLVYTSTLPLDLTRYRDNELIYDDNPLRGGLNCNLSFDNPLFKGQRLNIIEEDLIRLPYLSGWELAKTVIQSIISDSNNSSTDPISSGETRSFTTHFLTYPKIGLLYSFGALISYYLGNTIIRTKKLTLNNFIYYLATQIHNLPHRSLRILKPTLKHASVISRLISIDSHFSIYIGGTAGDRGLSDAARLFLRTAITVFLQFVRKWIVERKTAIPLWVIYPLEGQSPSPINSFLHHVIALLQHESSHDHVCAAEAHSRVETFDNLVYMCKSTASNFFHASLAYWRSRSKNQDKREMTKILSLTQTEKKNSFGYTAHPESTAVLGSLQTSLAPPPSADEATYDRKNKVLKASRPGKYSQNTTKAPPNQTSCRDVSPNITGTDGCPSANEGSNSNNNNLVSHRIVLPFFTLSHNYNERPSIRKSEGTTEIVRLTRQLRAIPDTTIYCRFTGIVSSMHYKLDEVLWEFDNFKSAITLAEGEGSGALLLLQKYKVETLFFNTLATEHSIEAEIISGITTPRMLLPIMSRFHGGQIKVTLNNSASQITDITNPSWLADQKSRIPKQVEIITMDAETTENINRSKLYEAVQQLIVSHIDPNALKVVVLKVFLSDIDGILWLNDNLTPLFGLGYLIKPITSSPKSSEWYLCLSNLLSTSRRLPHQSHTTCMHVIQTALQLQIQRSSYWLSHLVQYANHNLHLDYINLGFPSLERVLYHRYNLVDSQKGPLTSIVQHLAHLQTEIRELVNDYNQQRQSRTQTYHFIKTIKGRITKLVNDYLKFFLIIQALKHNCTWQEELRALPDLISVCTRFYHTRNCSCENRFLVQTLYLSRMQDSEIKLIDRLTGLLSLCPNGFFR
NC_014372.1	RefSeq	regulatory	18451,18461	L	.	.	.
NC_014372.1	RefSeq	3'UTR	18462,18935	.	.	.	.
