NC_002549.1	RefSeq	5'UTR	1,55	.	.	.	.
NC_002549.1	RefSeq	gene	56,3026	NP	.	.	.
NC_002549.1	RefSeq	mRNA	56,3026	NP	nucleoprotein	.	.
NC_002549.1	RefSeq	regulatory	56,67	NP	.	.	.
NC_002549.1	RefSeq	CDS	470,2689	NP	nucleoprotein	NP_066243.1	MDSRPQKIWMAPSLTESDMDYHKILTAGLSVQQGIVRQRVIPVYQVNNLEEICQLIIQAFEAGVDFQESADSFLLMLCLHHAYQGDYKLFLESGAVKYLEGHGFRFEVKKRDGVKRLEELLPAVSSGKNIKRTLAAMPEEETTEANAGQFLSFASLFLPKLVVGEKACLEKVQRQIQVHAEQGLIQYPTAWQSVGHMMVIFRLMRTNFLIKFLLIHQGMHMVAGHDANDAVISNSVAQARFSGLLIVKTVLDHILQKTERGVRLHPLARTAKVKNEVNSFKAALSSLAKHGEYAPFARLLNLSGVNNLEHGLFPQLSAIALGVATAHGSTLAGVNVGEQYQQLREAATEAEKQLQQYAESRELDHLGLDDQEKKILMNFHQKKNEISFQQTNAMVTLRKERLAKLTEAITAASLPKTSGHYDDDDDIPFPGPINDDDNPGHQDDDPTDSQDTTIPDVVVDPDDGSYGEYQSYSENGMNAPDDLVLFDLDEDDEDTKPVPNRSTKGGQQKNSQKGQHIEGRQTQSRPIQNVPGPHRTIHHASAPLTDNDRRNEPSGSTSPRMLTPINEEADPLDDADDETSSLPPLESDDEEQDRDGTSNRTPTVAPPAPVYRDHSEKKELPQDEQQDQDHTQEARNQDSDNTQSEHSFEEMYRHILRSQGPFDAVLYYHMMKDEPVVFSTSDGKEYTYPDSLEEEYPPWLTEKEAMNEENRFVTLDGQQFYWPVMNHKNKFMAILQHHQ
NC_002549.1	RefSeq	regulatory	3015,3026	NP	.	.	.
NC_002549.1	RefSeq	misc_feature	3027,3031	.	.	.	.
NC_002549.1	RefSeq	gene	3032,4407	VP35	.	.	.
NC_002549.1	RefSeq	mRNA	3032,4407	VP35	VP35	.	.
NC_002549.1	RefSeq	regulatory	3032,3043	VP35	.	.	.
NC_002549.1	RefSeq	CDS	3129,4151	VP35	polymerase complex protein	NP_066244.1	MTTRTKGRGHTAATTQNDRMPGPELSGWISEQLMTGRIPVSDIFCDIENNPGLCYASQMQQTKPNPKTRNSQTQTDPICNHSFEEVVQTLASLATVVQQQTIASESLEQRITSLENGLKPVYDMAKTISSLNRVCAEMVAKYDLLVMTTGRATATAAATEAYWAEHGQPPPGPSLYEESAIRGKIESRDETVPQSVREAFNNLNSTTSLTEENFGKPDISAKDLRNIMYDHLPGFGTAFHQLVQVICKLGKDSNSLDIIHAEFQASLAEGDSPQCALIQITKRVPIFQDAAPPVIHIRSRGDIPRACQKSLRPVPPSPKIDRGWVCVFQLQDGKTLGLKI
NC_002549.1	RefSeq	gene	4390,5894	VP40	.	.	.
NC_002549.1	RefSeq	mRNA	4390,5894	VP40	VP40	.	.
NC_002549.1	RefSeq	regulatory	4390,4401	VP40	.	.	.
NC_002549.1	RefSeq	regulatory	4397,4407	VP35	.	.	.
NC_002549.1	RefSeq	CDS	4479,5459	VP40	matrix protein	NP_066245.1	MRRVILPTAPPEYMEAIYPVRSNSTIARGGNSNTGFLTPESVNGDTPSNPLRPIADDTIDHASHTPGSVSSAFILEAMVNVISGPKVLMKQIPIWLPLGVADQKTYSFDSTTAAIMLASYTITHFGKATNPLVRVNRLGPGIPDHPLRLLRIGNQAFLQEFVLPPVQLPQYFTFDLTALKLITQPLPAATWTDDTPTGSNGALRPGISFHPKLRPILLPNKSGKKGNSADLTSPEKIQAIMTSLQDFKIVPIDPTKNIMGIEVPETLVHKLTGKKVTSKNGQPIIPVLLPKYIGLDPVAPGDLTMVITQDCDTCHSPASLPAVIEK
NC_002549.1	RefSeq	regulatory	5883,5894	VP40	.	.	.
NC_002549.1	RefSeq	misc_feature	5895,5899	.	.	.	.
NC_002549.1	RefSeq	gene	5900,8305	GP	.	.	.
NC_002549.1	RefSeq	mRNA	5900,8305	GP	sGP	.	.
NC_002549.1	RefSeq	regulatory	5900,5911	GP	.	.	.
NC_002549.1	RefSeq	CDS	6039,6923;6923,8068	GP	spike glycoprotein	NP_066246.1	MGVTGILQLPRDRFKRTSFFLWVIILFQRTFSIPLGVIHNSTLQVSDVDKLVCRDKLSSTNQLRSVGLNLEGNGVATDVPSATKRWGFRSGVPPKVVNYEAGEWAENCYNLEIKKPDGSECLPAAPDGIRGFPRCRYVHKVSGTGPCAGDFAFHKEGAFFLYDRLASTVIYRGTTFAEGVVAFLILPQAKKDFFSSHPLREPVNATEDPSSGYYSTTIRYQATGFGTNETEYLFEVDNLTYVQLESRFTPQFLLQLNETIYTSGKRSNTTGKLIWKVNPEIDTTIGEWAFWETKKNLTRKIRSEELSFTVVSNGAKNISGQSPARTSSDPGTNTTTEDHKIMASENSSAMVQVHSQGREAAVSHLTTLATISTSPQSLTTKPGPDNSTHNTPVYKLDISEATQVEQHHRRTDNDSTASDTPSATTAAGPPKAENTNTSKSTDFLDPATTTSPQNHSETAGNNNTHHQDTGEESASSGKLGLITNTIAGVAGLITGGRRTRREAIVNAQPKCNPNLHYWTTQDEGAAIGLAWIPYFGPAAEGIYIEGLMHNQDGLICGLRQLANETTQALQLFLRATTELRTFSILNRKAIDFLLQRWGGTCHILGPDCCIEPHDWTKNITDKIDQIIHDFVDKTLPDQGDNDNWWTGWRQWIPAGIGVTGVIIAVIALFCICKFVF
NC_002549.1	RefSeq	misc_feature	7529,7540	GP	.	.	.
NC_002549.1	RefSeq	misc_feature	7793,7870	GP	.	.	.
NC_002549.1	RefSeq	misc_feature	7988,8053	GP	.	.	.
NC_002549.1	RefSeq	CDS	6039,7133	GP	small secreted glycoprotein	NP_066247.1	MGVTGILQLPRDRFKRTSFFLWVIILFQRTFSIPLGVIHNSTLQVSDVDKLVCRDKLSSTNQLRSVGLNLEGNGVATDVPSATKRWGFRSGVPPKVVNYEAGEWAENCYNLEIKKPDGSECLPAAPDGIRGFPRCRYVHKVSGTGPCAGDFAFHKEGAFFLYDRLASTVIYRGTTFAEGVVAFLILPQAKKDFFSSHPLREPVNATEDPSSGYYSTTIRYQATGFGTNETEYLFEVDNLTYVQLESRFTPQFLLQLNETIYTSGKRSNTTGKLIWKVNPEIDTTIGEWAFWETKKTSLEKFAVKSCLSQLYQTEPKTSVVRVRRELLPTQGPTQQLKTTKSWLQKIPLQWFKCTVKEGKLQCRI
NC_002549.1	RefSeq	CDS	6039,6922;6924,6933	GP	second secreted glycoprotein	NP_066248.1	MGVTGILQLPRDRFKRTSFFLWVIILFQRTFSIPLGVIHNSTLQVSDVDKLVCRDKLSSTNQLRSVGLNLEGNGVATDVPSATKRWGFRSGVPPKVVNYEAGEWAENCYNLEIKKPDGSECLPAAPDGIRGFPRCRYVHKVSGTGPCAGDFAFHKEGAFFLYDRLASTVIYRGTTFAEGVVAFLILPQAKKDFFSSHPLREPVNATEDPSSGYYSTTIRYQATGFGTNETEYLFEVDNLTYVQLESRFTPQFLLQLNETIYTSGKRSNTTGKLIWKVNPEIDTTIGEWAFWETKKPH
NC_002549.1	RefSeq	regulatory	6918,6924	GP	.	.	.
NC_002549.1	RefSeq	gene	8288,9740	VP30	.	.	.
NC_002549.1	RefSeq	mRNA	8288,9740	VP30	VP30	.	.
NC_002549.1	RefSeq	regulatory	8288,8299	VP30	.	.	.
NC_002549.1	RefSeq	regulatory	8295,8305	GP	.	.	.
NC_002549.1	RefSeq	CDS	8509,9375	VP30	minor nucleoprotein	NP_066249.1	MEASYERGRPRAARQHSRDGHDHHVRARSSSRENYRGEYRQSRSASQVRVPTVFHKKRVEPLTVPPAPKDICPTLKKGFLCDSSFCKKDHQLESLTDRELLLLIARKTCGSVEQQLNITAPKDSRLANPTADDFQQEEGPKITLLTLIKTAEHWARQDIRTIEDSKLRALLTLCAVMTRKFSKSQLSLLCETHLRREGLGQDQAEPVLEVYQRLHSDKGGSFEAALWQQWDRQSLIMFITAFLNIALQLPCESSAVVVSGLRTLVPQSDNEEASTNPGTCSWSDEGTP
NC_002549.1	RefSeq	regulatory	9730,9740	VP30	.	.	.
NC_002549.1	RefSeq	misc_feature	9741,9884	.	.	.	.
NC_002549.1	RefSeq	gene	9885,11518	VP24	.	.	.
NC_002549.1	RefSeq	mRNA	9885,11496	VP24	VP24	.	.
NC_002549.1	RefSeq	regulatory	9885,9896	VP24	.	.	.
NC_002549.1	RefSeq	CDS	10345,11100	VP24	membrane-associated protein	NP_066250.1	MAKATGRYNLISPKKDLEKGVVLSDLCNFLVSQTIQGWKVYWAGIEFDVTHKGMALLHRLKTNDFAPAWSMTRNLFPHLFQNPNSTIESPLWALRVILAAGIQDQLIDQSLIEPLAGALGLISDWLLTTNTNHFNMRTQRVKEQLSLKMLSLIRSNILKFINKLDALHVVNYNGLLSSIEIGTQNHTIIITRTNMGFLVELQEPDKSAMNRMKPGPAKFSLLHESTLKAFTQGSSTRMQSLILEFNSSLAI
NC_002549.1	RefSeq	regulatory	11485,11496	VP24	.	.	.
NC_002549.1	RefSeq	misc_feature	11497,11500	VP24	.	.	.
NC_002549.1	RefSeq	gene	11501,18282	L	.	.	.
NC_002549.1	RefSeq	mRNA	11501,18282	L	polymerase	.	.
NC_002549.1	RefSeq	regulatory	11501,11512	L	.	.	.
NC_002549.1	RefSeq	regulatory	11508,11518	VP24	.	.	.
NC_002549.1	RefSeq	CDS	11581,18219	L	RNA-dependent RNA polymerase	NP_066251.1	MATQHTQYPDARLSSPIVLDQCDLVTRACGLYSSYSLNPQLRNCKLPKHIYRLKYDVTVTKFLSDVPVATLPIDFIVPVLLKALSGNGFCPVEPRCQQFLDEIIKYTMQDALFLKYYLKNVGAQEDCVDEHFQEKILSSIQGNEFLHQMFFWYDLAILTRRGRLNRGNSRSTWFVHDDLIDILGYGDYVFWKIPISMLPLNTQGIPHAAMDWYQASVFKEAVQGHTHIVSVSTADVLIMCKDLITCRFNTTLISKIAEIEDPVCSDYPNFKIVSMLYQSGDYLLSILGSDGYKIIKFLEPLCLAKIQLCSKYTERKGRFLTQMHLAVNHTLEEITEMRALKPSQAQKIREFHRTLIRLEMTPQQLCELFSIQKHWGHPVLHSETAIQKVKKHATVLKALRPIVIFETYCVFKYSIAKHYFDSQGSWYSVTSDRNLTPGLNSYIKRNQFPPLPMIKELLWEFYHLDHPPLFSTKIISDLSIFIKDRATAVERTCWDAVFEPNVLGYNPPHKFSTKRVPEQFLEQENFSIENVLSYAQKLEYLLPQYRNFSFSLKEKELNVGRTFGKLPYPTRNVQTLCEALLADGLAKAFPSNMMVVTEREQKESLLHQASWHHTSDDFGEHATVRGSSFVTDLEKYNLAFRYEFTAPFIEYCNRCYGVKNVFNWMHYTIPQCYMHVSDYYNPPHNLTLENRDNPPEGPSSYRGHMGGIEGLQQKLWTSISCAQISLVEIKTGFKLRSAVMGDNQCITVLSVFPLETDADEQEQSAEDNAARVAASLAKVTSACGIFLKPDETFVHSGFIYFGKKQYLNGVQLPQSLKTATRMAPLSDAIFDDLQGTLASIGTAFERSISETRHIFPCRITAAFHTFFSVRILQYHHLGFNKGFDLGQLTLGKPLDFGTISLALAVPQVLGGLSFLNPEKCFYRNLGDPVTSGLFQLKTYLRMIEMDDLFLPLIAKNPGNCTAIDFVLNPSGLNVPGSQDLTSFLRQIVRRTITLSAKNKLINTLFHASADFEDEMVCKWLLSSTPVMSRFAADIFSRTPSGKRLQILGYLEGTRTLLASKIINNNTETPVLDRLRKITLQRWSLWFSYLDHCDNILAEALTQITCTVDLAQILREYSWAHILEGRPLIGATLPCMIEQFKVFWLKPYEQCPQCSNAKQPGGKPFVSVAVKKHIVSAWPNASRISWTIGDGIPYIGSRTEDKIGQPAIKPKCPSAALREAIELASRLTWVTQGSSNSDLLIKPFLEARVNLSVQEILQMTPSHYSGNIVHRYNDQYSPHSFMANRMSNSATRLIVSTNTLGEFSGGGQSARDSNIIFQNVINYAVALFDIKFRNTEATDIQYNRAHLHLTKCCTREVPAQYLTYTSTLDLDLTRYRENELIYDSNPLKGGLNCNISFDNPFFQGKRLNIIEDDLIRLPHLSGWELAKTIMQSIISDSNNSSTDPISSGETRSFTTHFLTYPKIGLLYSFGAFVSYYLGNTILRTKKLTLDNFLYYLTTQIHNLPHRSLRILKPTFKHASVMSRLMSIDPHFSIYIGGAAGDRGLSDAARLFLRTSISSFLTFVKEWIINRGTIVPLWIVYPLEGQNPTPVNNFLYQIVELLVHDSSRQQAFKTTISDHVHPHDNLVYTCKSTASNFFHASLAYWRSRHRNSNRKYLARDSSTGSSTNNSDGHIERSQEQTTRDPHDGTERNLVLQMSHEIKRTTIPQENTHQGPSFQSFLSDSACGTANPKLNFDRSRHNVKFQDHNSASKREGHQIISHRLVLPFFTLSQGTRQLTSSNESQTQDEISKYLRQLRSVIDTTVYCRFTGIVSSMHYKLDEVLWEIESFKSAVTLAEGEGAGALLLIQKYQVKTLFFNTLATESSIESEIVSGMTTPRMLLPVMSKFHNDQIEIILNNSASQITDITNPTWFKDQRARLPKQVEVITMDAETTENINRSKLYEAVYKLILHHIDPSVLKAVVLKVFLSDTEGMLWLNDNLAPFFATGYLIKPITSSARSSEWYLCLTNFLSTTRKMPHQNHLSCKQVILTALQLQIQRSPYWLSHLTQYADCELHLSYIRLGFPSLEKVLYHRYNLVDSKRGPLVSITQHLAHLRAEIRELTNDYNQQRQSRTQTYHFIRTAKGRITKLVNDYLKFFLIVQALKHNGTWQAEFKKLPELISVCNRFYHIRDCNCEERFLVQTLYLHRMQDSEVKLIERLTGLLSLFPDGLYRFD
NC_002549.1	RefSeq	regulatory	18272,18282	L	.	.	.
NC_002549.1	RefSeq	3'UTR	18283,18959	.	.	.	.
